,status,duration,credit_history,purpose,amount,savings,employment_duration,installment_rate,personal_status_sex,other_debtors,present_residence,property,age,other_installment_plans,housing,number_credits,job,people_liable,telephone,foreign_worker,credit_risk
0,0,18,4,7,1049,4,1,1,3,3,4,2,21,3,0,4,2,1,0,0,1
1,0,9,4,1,2799,4,2,3,0,3,1 <= ... < 4 yrs,0,36,3,0,3,2,0,0,0,1
2,1,12,3,0,841,1,3,3,3,3,4,0,23,3,0,4,1,1,0,0,1
3,0,12,4,1,2122,4,2,2,0,3,1 <= ... < 4 yrs,0,39,3,0,3,1,0,0,1,1
4,0,12,4,1,2171,4,2,1,0,3,4,2,38,1,1,3,1,1,0,1,1
5,0,10,4,1,2241,4,1,4,0,3,4 <= ... < 7 yrs,0,48,3,0,3,1,0,0,1,1
6,0,8,4,1,3398,4,3,4,0,3,4,0,39,3,1,3,1,1,0,1,1
7,0,6,4,1,1361,4,1,3,0,3,4,0,40,3,1,4,1,0,0,1,1
8,2,18,4,6,1098,4,0,1,3,3,4,1,65,3,1,3,0,1,0,0,1
9,1,24,3,6,3758,100 <= ... <  500 DM,0,4,3,3,4,3,23,3,0,4,0,1,0,0,1
10,0,11,4,1,3905,4,2,3,0,3,1 <= ... < 4 yrs,0,36,3,0,3,2,0,0,0,1
11,0,30,4,8,6187,1,3,4,2,3,4,1,24,3,0,3,2,1,0,0,1
12,0,6,4,6,1957,4,3,4,3,3,4,1,31,3,1,4,2,1,0,0,1
13,1,48,2,9,7582,1,0,3,0,3,4,3,31,3,1,4,3,1,1,0,1
14,0,18,3,6,1936,4,3,3,2,3,4,1,23,3,0,3,1,1,0,0,1
15,0,6,3,6,2647,100 <= ... <  500 DM,2,3,0,3,4 <= ... < 7 yrs,0,44,3,0,4,2,0,0,0,1
16,0,11,4,1,3939,4,2,4,0,3,1 <= ... < 4 yrs,0,40,3,1,3,1,0,0,0,1
17,1,18,3,6,3213,100 <= ... <  500 DM,1,4,2,3,4 <= ... < 7 yrs,0,25,3,0,4,2,1,0,0,1
18,1,36,4,6,2337,4,4,1,0,3,4,0,36,3,1,4,2,1,0,0,1
19,2,11,4,1,7228,4,2,4,0,3,4,2,39,3,1,3,1,1,0,0,1
20,0,6,4,1,3676,4,2,4,0,3,4 <= ... < 7 yrs,0,37,3,0,2,2,0,0,0,1
21,1,12,4,1,3124,4,1,4,0,3,4 <= ... < 7 yrs,0,49,1,1,3,1,0,0,0,1
22,1,36,3,4,2384,4,1,1,0,3,1,3,33,3,0,4,1,1,0,0,0
23,1,12,4,2,1424,4,3,1,0,3,4 <= ... < 7 yrs,2,26,3,1,4,2,1,0,0,1
24,0,6,4,1,4716,4,1,4,0,3,4 <= ... < 7 yrs,0,44,3,1,3,1,0,0,0,1
25,1,11,2,6,4771,4,3,3,0,3,4,2,51,3,1,4,2,1,0,0,1
26,0,12,3,7,652,4,4,1,3,3,4,2,24,3,0,4,2,1,0,0,1
27,1,9,4,6,1154,4,4,3,0,3,4,0,37,3,1,2,1,1,0,0,1
28,2,15,3,1,3556,4,2,2,0,3,1 <= ... < 4 yrs,3,29,3,1,4,2,1,0,0,1
29,3,42,4,8,4796,4,4,1,0,3,4,3,56,3,2,4,2,1,0,0,1
30,3,30,4,6,3017,4,4,1,0,3,4,2,47,3,1,4,2,1,0,0,1
31,2,36,4,1,3535,4,3,1,0,3,4,1,37,3,1,3,2,1,1,0,1
32,2,36,4,1,6614,4,4,1,0,3,4,1,34,3,1,3,3,1,1,0,1
33,2,24,3,6,1376,100 <= ... <  500 DM,3,1,3,3,1,1,28,3,1,4,2,1,0,0,1
34,0,15,3,1,1721,4,1,3,0,3,4 <= ... < 7 yrs,0,36,3,1,4,2,1,0,0,1
35,0,6,4,1,860,4,4,4,3,3,4,3,39,3,1,3,2,1,1,0,1
36,2,12,4,1,1495,4,4,1,0,3,1,0,38,3,1,3,1,0,0,0,1
37,2,12,4,6,1934,4,4,3,0,3,1 <= ... < 4 yrs,3,26,3,1,3,2,1,0,0,1
38,2,18,3,8,3378,4,2,3,0,3,1,2,31,3,1,4,2,1,1,0,1
39,2,24,4,8,3868,4,4,1,3,3,1 <= ... < 4 yrs,1,41,3,0,3,3,1,1,0,1
40,2,12,4,4,996,4,3,1,3,3,4,0,23,3,1,3,2,1,0,0,1
41,0,24,3,9,1755,4,4,1,3,2,4,0,58,3,1,4,1,1,1,0,1
42,2,18,4,1,1028,4,2,1,3,3,4 <= ... < 7 yrs,0,36,3,1,3,2,1,0,0,1
43,1,24,4,0,2825,4,3,1,0,3,4 <= ... < 7 yrs,3,34,3,1,3,2,0,1,0,1
44,1,18,3,3,1239,4,2,1,0,3,4,3,61,3,2,4,2,1,0,0,1
45,0,18,3,1,1216,4,1,1,3,3,4 <= ... < 7 yrs,1,23,3,0,4,2,1,1,0,0
46,2,24,3,0,1258,4,3,1,0,3,1,0,25,3,1,4,2,1,1,0,1
47,2,18,4,3,1864,1,2,1,3,3,1 <= ... < 4 yrs,0,30,3,1,3,2,1,0,0,0
48,2,24,3,1,1474,1,1,1,2,3,4 <= ... < 7 yrs,0,33,3,1,4,2,1,1,0,1
49,0,24,4,0,1382,1,3,1,0,3,1,0,26,3,1,3,2,1,1,0,1
50,2,12,3,1,640,4,2,1,1,3,1 <= ... < 4 yrs,0,49,3,1,4,1,1,0,0,1
51,3,36,3,6,3919,4,2,3,0,3,1 <= ... < 4 yrs,0,23,3,1,4,2,1,1,0,1
52,2,9,4,1,1224,4,2,2,0,3,1,0,30,3,1,3,2,1,0,0,1
53,2,12,4,6,2331,4,4,4,0,1,4,0,49,3,1,4,2,1,1,0,1
54,2,24,3,8,6313,4,4,2,0,3,4,1,41,3,1,4,3,0,1,0,1
55,0,12,4,6,385,4,3,1,3,3,4 <= ... < 7 yrs,0,58,3,1,1,1,1,1,0,1
56,2,12,4,6,1655,4,4,3,0,3,4,0,63,3,1,3,1,1,1,0,1
57,0,15,3,6,1053,4,1,1,2,3,1 <= ... < 4 yrs,0,27,3,1,4,2,1,0,1,1
58,2,21,3,6,3160,4,4,1,0,3,4 <= ... < 7 yrs,2,41,3,1,4,2,1,1,0,1
59,2,36,3,1,3079,4,2,1,0,3,4,0,36,3,1,4,2,1,0,0,1
60,2,12,4,1,1163,100 <= ... <  500 DM,2,1,0,3,4,0,44,3,1,4,2,1,1,0,1
61,2,24,3,8,2679,4,1,1,3,3,1,3,29,3,1,4,3,1,1,0,1
62,2,48,4,6,3578,4,4,1,0,3,1,0,47,3,1,4,2,1,1,0,1
63,2,36,2,1,10875,4,4,3,0,3,1 <= ... < 4 yrs,1,45,3,1,3,2,0,1,0,1
64,0,12,2,1,1344,4,2,1,0,3,1 <= ... < 4 yrs,0,43,3,1,3,1,0,0,0,1
65,2,6,4,6,1237,1,2,4,3,3,1,2,27,3,1,3,2,1,0,0,1
66,2,12,3,6,3077,4,2,3,0,3,4,1,52,3,1,4,2,1,1,0,1
67,2,24,3,6,2284,4,3,1,0,3,1 <= ... < 4 yrs,1,28,3,1,4,2,1,1,0,1
68,1,12,3,6,1567,4,2,4,3,3,1,1,22,3,1,4,2,1,1,0,1
69,2,24,2,1,2032,4,4,1,0,3,4,3,60,3,2,3,2,1,1,0,1
70,1,21,4,7,2745,3,3,2,0,3,1 <= ... < 4 yrs,1,32,3,1,3,2,1,1,0,1
71,2,30,3,6,1867,4,4,1,0,3,4,1,58,3,1,4,2,1,1,0,1
72,2,36,3,6,2299,100 <= ... <  500 DM,4,1,0,3,4,1,39,3,1,4,2,1,0,0,1
73,2,24,3,7,929,4,3,1,0,3,1 <= ... < 4 yrs,1,31,stores,1,4,2,1,1,0,1
74,3,12,3,6,3399,4,4,3,0,3,4 <= ... < 7 yrs,1,37,3,1,4,3,1,0,0,1
75,1,9,3,7,2030,4,3,3,0,3,1,1,24,3,1,4,2,1,1,0,1
76,2,21,4,8,3275,4,4,4,0,3,4,1,36,3,1,4,3,1,1,0,1
77,2,24,4,1,1940,3,4,1,0,3,4,0,60,3,1,4,2,1,1,0,1
78,0,21,4,1,1602,4,4,1,2,3,4 <= ... < 7 yrs,1,30,3,1,3,2,1,1,0,1
79,2,15,3,6,1979,4,4,1,0,3,1 <= ... < 4 yrs,1,35,3,1,4,2,1,0,0,1
80,2,24,4,1,2022,4,2,1,3,3,4,1,37,3,1,4,2,1,1,0,1
81,2,36,4,6,3342,4,4,1,0,3,1 <= ... < 4 yrs,1,51,3,1,4,2,1,1,0,1
82,1,18,3,1,5866,1,2,3,0,3,1 <= ... < 4 yrs,1,30,3,1,3,2,1,1,0,1
83,3,15,4,8,2360,100 <= ... <  500 DM,2,3,0,3,1 <= ... < 4 yrs,1,36,3,1,4,2,1,1,0,1
84,2,15,4,7,1520,4,4,1,0,3,4,2,63,3,1,4,2,1,0,0,1
85,0,12,3,1,3651,3,2,4,0,3,4 <= ... < 7 yrs,2,31,3,1,4,2,0,0,0,1
86,2,24,4,8,2346,4,3,1,0,3,4 <= ... < 7 yrs,1,35,3,1,3,2,1,1,0,1
87,2,36,2,6,4454,4,2,1,3,3,4,0,34,3,1,3,2,1,0,0,1
88,0,6,4,1,666,3,3,2,3,3,4,0,39,3,1,3,1,1,1,0,1
89,1,24,2,1,1965,4,2,1,3,3,4,1,42,3,0,3,2,1,1,0,1
90,1,12,4,1,1995,1,1,1,0,3,1,1,27,3,1,4,2,1,0,0,1
91,1,30,3,6,2991,4,4,3,3,3,4,1,25,3,1,4,2,1,0,0,1
92,1,30,1,0,4221,4,2,3,3,3,1,1,28,3,1,3,2,1,0,0,1
93,0,9,3,6,1364,4,3,2,0,3,4,0,59,3,1,4,2,1,0,0,1
94,1,18,4,7,6361,4,4,3,0,3,1,3,41,3,1,4,2,1,1,0,1
95,2,27,4,7,4526,3,1,1,0,3,1 <= ... < 4 yrs,0,32,stores,1,3,1,0,1,0,1
96,1,12,4,6,3573,4,2,4,3,3,1,0,23,3,1,4,1,1,0,0,1
97,1,36,2,0,4455,4,2,3,1,3,1 <= ... < 4 yrs,0,30,stores,1,3,3,1,1,0,0
98,0,9,3,7,2136,4,2,2,0,3,1 <= ... < 4 yrs,0,25,3,1,4,2,1,0,0,1
99,1,42,4,0,5954,4,3,3,3,3,1,0,41,1,1,3,1,1,0,0,1
100,2,24,4,7,3777,3,2,1,0,3,4,0,40,3,1,4,2,1,1,0,1
101,0,15,3,0,806,4,2,1,3,3,4,2,22,3,1,4,1,1,0,0,1
102,1,24,2,0,4712,4,2,1,0,3,1 <= ... < 4 yrs,2,34,1,1,3,3,1,1,0,1
103,1,36,2,1,7432,4,2,3,3,3,1 <= ... < 4 yrs,2,54,3,0,4,2,1,0,0,1
104,2,24,4,6,1851,4,3,1,2,2,1 <= ... < 4 yrs,1,33,3,1,3,2,1,1,0,1
105,2,24,3,1,1393,4,2,3,0,2,1 <= ... < 4 yrs,0,31,3,1,4,2,1,1,0,1
106,2,12,4,0,1412,4,2,1,3,2,1 <= ... < 4 yrs,0,29,3,1,3,3,1,1,0,1
107,2,18,3,6,1473,4,1,2,2,3,4,0,39,3,1,4,2,1,1,0,1
108,2,24,3,6,1533,4,1,1,3,3,4 <= ... < 7 yrs,1,38,stores,1,4,2,1,1,0,1
109,2,12,4,3,2012,4,3,1,3,3,1 <= ... < 4 yrs,1,61,3,1,4,2,1,0,0,1
110,0,15,3,1,3959,4,2,2,3,3,1 <= ... < 4 yrs,2,29,3,1,4,2,1,1,0,0
111,0,6,3,7,428,4,4,3,3,3,1,2,49,1,1,4,2,1,1,0,1
112,1,12,4,1,2366,100 <= ... <  500 DM,3,2,1,3,4 <= ... < 7 yrs,1,36,3,1,4,3,1,1,0,1
113,2,12,3,7,763,4,2,1,3,3,1,0,26,3,1,4,2,1,1,0,1
114,1,21,3,7,3976,4,3,3,0,3,4 <= ... < 7 yrs,1,35,3,1,4,2,1,1,0,1
115,1,18,3,1,6260,4,3,2,0,3,4 <= ... < 7 yrs,0,28,3,0,4,1,1,0,0,1
116,1,9,4,7,1919,4,3,1,0,3,4 <= ... < 7 yrs,1,35,3,0,4,2,1,1,0,1
117,2,24,3,8,2603,3,2,3,3,3,4,1,28,3,0,4,2,1,1,0,1
118,2,9,4,3,936,100 <= ... <  500 DM,4,1,0,3,1 <= ... < 4 yrs,1,52,3,1,3,2,1,1,0,1
119,2,24,3,7,3062,100 <= ... <  500 DM,4,1,0,3,4 <= ... < 7 yrs,3,32,3,0,4,2,1,1,0,1
120,1,36,3,6,4795,4,1,1,3,3,1,3,30,3,1,4,3,1,1,0,1
121,2,36,4,8,5842,4,4,3,0,3,1 <= ... < 4 yrs,2,35,3,1,3,2,0,1,0,1
122,1,6,3,6,2063,4,1,1,2,3,4 <= ... < 7 yrs,1,30,3,0,4,3,1,1,0,1
123,2,15,4,6,1459,4,2,1,3,3,1 <= ... < 4 yrs,1,43,3,1,4,1,1,0,0,1
124,2,15,3,6,1213,100 <= ... <  500 DM,4,1,0,3,4 <= ... < 7 yrs,2,47,stores,1,4,2,1,1,0,1
125,2,24,4,6,5103,4,1,2,2,3,4 <= ... < 7 yrs,3,47,3,2,2,2,1,1,0,1
126,2,15,3,2,874,4,1,1,3,3,1,0,24,3,1,4,2,1,0,0,1
127,2,6,3,7,2978,100 <= ... <  500 DM,2,4,0,3,1 <= ... < 4 yrs,1,32,3,1,4,2,1,1,0,1
128,2,18,3,1,1820,4,2,3,2,3,1 <= ... < 4 yrs,2,30,3,1,4,3,1,1,0,1
129,2,24,4,6,2872,1,4,2,0,3,4,0,36,3,1,4,2,0,1,0,1
130,3,24,3,7,1925,4,2,3,0,3,1 <= ... < 4 yrs,0,26,3,1,4,2,1,0,0,1
131,2,18,3,7,2515,4,2,2,0,3,4,0,43,3,1,4,2,1,1,0,1
132,3,6,3,7,2116,4,2,3,0,3,1 <= ... < 4 yrs,0,41,3,1,4,2,1,1,0,1
133,2,18,3,6,1453,4,1,2,3,3,1,0,26,3,1,4,2,1,0,0,1
134,2,10,3,1,1364,4,2,3,3,3,4,1,64,3,1,4,2,1,1,0,1
135,2,6,3,7,1543,3,2,1,1,3,1 <= ... < 4 yrs,0,33,3,1,4,2,1,0,0,1
136,1,12,3,1,1318,3,4,1,0,3,4,0,54,3,1,4,2,1,1,0,1
137,0,24,4,1,2325,1,3,3,0,3,4 <= ... < 7 yrs,1,32,1,1,4,2,1,0,0,1
138,1,6,4,5,932,4,3,4,3,3,4 <= ... < 7 yrs,2,39,3,1,3,1,1,0,0,1
139,3,24,4,6,3148,4,2,2,0,3,1 <= ... < 4 yrs,1,31,3,1,3,2,1,1,0,1
140,2,36,3,6,3835,4,4,3,3,3,4,0,45,3,1,4,1,1,1,0,1
141,2,9,3,3,3832,4,4,4,0,3,4,0,64,3,1,4,1,1,0,0,1
142,1,24,3,6,5084,4,4,3,3,3,4,1,42,3,1,4,2,1,1,0,1
143,2,9,4,7,2406,4,0,3,0,3,4 <= ... < 7 yrs,1,31,3,1,4,3,1,0,0,1
144,2,36,3,6,2394,4,2,1,3,3,4,1,25,3,1,4,2,1,0,0,1
145,2,21,3,8,2476,4,4,1,0,3,4,0,46,3,1,4,3,1,1,0,1
146,0,24,3,8,2964,4,4,1,0,3,4,3,49,1,2,4,2,0,1,0,1
147,0,12,3,7,1262,4,4,3,1,3,4,2,49,3,1,4,1,1,1,0,1
148,2,12,3,0,1542,4,3,3,0,3,4,1,36,3,1,4,2,1,1,0,1
149,1,24,4,6,1743,4,4,1,0,3,1 <= ... < 4 yrs,2,48,3,1,3,1,1,0,0,1
150,3,12,4,6,409,3,2,2,3,3,4 <= ... < 7 yrs,0,42,3,0,3,2,1,0,0,1
151,2,12,3,6,2171,4,1,3,3,3,1 <= ... < 4 yrs,1,29,1,1,4,2,1,0,0,1
152,2,48,4,8,8858,4,3,3,0,3,1,3,35,3,2,3,2,1,1,0,1
153,1,24,3,1,3512,1,3,3,0,3,4 <= ... < 7 yrs,1,38,1,1,3,2,1,1,0,1
154,1,12,3,6,1158,100 <= ... <  500 DM,2,2,1,3,1,1,26,3,1,4,2,1,1,0,1
155,2,24,4,6,2684,4,2,1,0,3,1 <= ... < 4 yrs,0,35,3,1,3,1,1,0,0,1
156,0,12,3,6,1498,4,2,1,3,3,1,1,23,1,1,4,2,1,0,0,1
157,2,30,4,6,5954,4,3,2,0,1,1 <= ... < 4 yrs,1,38,3,1,4,2,1,0,0,1
158,1,48,4,0,6416,4,4,1,3,3,4 <= ... < 7 yrs,3,59,3,0,4,2,1,0,0,0
159,1,12,4,7,3617,4,4,4,0,3,4,1,28,3,0,2,2,1,1,0,1
160,2,12,4,6,1291,4,2,1,3,3,1 <= ... < 4 yrs,2,35,3,1,3,2,1,0,0,1
161,3,24,4,0,1275,3,2,3,1,3,4,0,36,3,1,3,2,1,1,0,1
162,2,24,3,7,3972,4,3,3,3,3,4,2,25,3,0,4,2,1,1,0,1
163,2,15,4,7,3343,4,2,1,0,3,1 <= ... < 4 yrs,3,28,3,2,4,2,1,1,0,1
164,3,15,3,3,392,4,1,1,3,3,4,2,23,3,0,4,2,1,1,0,1
165,2,9,4,1,2134,4,2,1,0,3,4,1,48,3,1,2,2,1,1,0,1
166,2,30,4,6,5771,4,3,1,3,3,1 <= ... < 4 yrs,1,25,3,1,3,2,1,0,0,1
167,2,24,4,0,4526,4,2,2,0,3,1 <= ... < 4 yrs,0,74,3,1,4,3,1,1,0,1
168,2,15,4,7,2788,4,3,3,3,1,4 <= ... < 7 yrs,1,24,1,1,3,2,1,0,0,1
169,2,6,4,6,1382,4,2,4,3,3,1,1,28,3,1,3,2,1,1,0,1
170,3,36,3,6,5848,4,2,1,0,3,1,1,24,3,1,4,2,1,0,0,1
171,0,12,3,1,1228,4,2,1,3,3,1 <= ... < 4 yrs,0,24,3,1,4,1,1,0,0,0
172,3,12,3,6,1297,4,2,2,2,3,4,0,23,3,0,4,2,1,0,0,1
173,2,24,3,6,1552,4,3,2,0,3,1,1,32,1,1,4,2,0,0,0,1
174,2,12,3,6,1963,4,3,1,0,3,1 <= ... < 4 yrs,1,31,3,0,3,3,0,1,0,1
175,2,24,3,6,3235,100 <= ... <  500 DM,4,2,1,3,1 <= ... < 4 yrs,1,36,3,1,4,3,1,1,0,1
176,2,24,4,0,4139,1,2,2,0,3,4 <= ... < 7 yrs,2,27,3,1,3,1,1,1,0,1
177,1,12,4,8,1804,1,1,2,0,3,4,2,44,3,1,4,2,1,0,0,1
178,2,18,3,0,1950,4,3,1,0,3,1,1,34,stores,1,3,2,1,1,0,1
179,2,48,2,6,12749,100 <= ... <  500 DM,3,1,0,3,1,1,37,3,1,4,3,1,1,0,1
180,2,9,3,2,1236,4,1,4,3,3,4,0,23,3,0,4,2,1,1,0,1
181,2,18,4,1,1055,4,1,1,3,3,1,2,30,3,1,3,2,1,0,0,1
182,0,30,1,0,8072,4,1,3,0,3,4 <= ... < 7 yrs,1,25,1,1,2,2,1,0,0,1
183,2,30,4,6,2831,4,2,1,3,3,1 <= ... < 4 yrs,1,33,3,1,4,2,1,1,0,1
184,2,9,3,0,1449,4,3,2,3,3,1 <= ... < 4 yrs,1,27,3,1,3,2,1,0,0,1
185,2,36,3,0,5742,1,3,3,0,3,1 <= ... < 4 yrs,1,31,3,1,3,2,1,1,0,1
186,2,12,3,1,2390,4,4,1,0,3,4 <= ... < 7 yrs,1,50,3,1,4,2,1,1,0,1
187,2,24,3,6,3430,100 <= ... <  500 DM,4,2,0,3,1 <= ... < 4 yrs,1,31,3,1,4,2,0,1,0,1
188,1,36,3,3,2273,4,3,2,0,3,1,1,32,3,1,3,2,0,0,0,1
189,3,21,3,1,2923,1,2,4,3,3,1,1,28,1,1,4,3,1,1,0,1
190,2,24,3,6,1901,1,2,1,0,3,4,1,29,3,0,4,3,1,1,0,1
191,1,36,3,3,3711,4,2,3,2,3,1 <= ... < 4 yrs,1,27,3,1,4,2,1,0,0,1
192,1,48,3,1,8487,4,3,4,3,3,1 <= ... < 4 yrs,1,24,3,1,4,2,1,0,0,1
193,2,24,3,1,2255,4,1,1,0,3,1,2,54,3,1,4,2,1,0,0,1
194,2,12,3,6,1262,4,2,2,0,3,1 <= ... < 4 yrs,1,25,3,1,4,2,1,0,0,1
195,2,33,4,8,7253,4,3,2,0,3,1 <= ... < 4 yrs,1,35,3,1,3,3,1,1,0,1
196,2,6,4,1,6761,4,3,4,0,3,4 <= ... < 7 yrs,3,45,3,1,3,3,0,1,0,1
197,2,18,4,7,1817,4,2,1,3,3,1 <= ... < 4 yrs,3,28,3,1,3,2,1,0,0,1
198,2,12,3,6,2141,1,3,2,0,3,1,3,35,3,1,4,2,1,0,0,1
199,2,48,4,0,3609,4,2,4,3,3,1,0,27,stores,1,4,2,1,0,0,1
200,2,30,3,6,2333,100 <= ... <  500 DM,4,1,0,3,1 <= ... < 4 yrs,1,30,1,1,4,3,1,0,0,1
201,2,28,4,8,7824,4,1,2,0,2,4,0,40,1,0,3,2,0,1,0,1
202,3,18,4,6,1445,4,3,1,0,3,4,1,49,1,1,4,1,1,0,0,1
203,0,24,3,7,7721,4,1,4,3,3,1 <= ... < 4 yrs,2,30,3,1,4,2,1,1,1,1
204,0,21,3,1,3763,4,3,3,0,1,1 <= ... < 4 yrs,0,24,3,1,4,1,1,0,1,1
205,1,18,3,0,4439,4,4,4,0,1,1,0,33,1,1,4,3,1,1,0,1
206,0,12,3,6,1107,4,2,3,0,3,1 <= ... < 4 yrs,0,20,3,0,4,3,0,1,0,1
207,1,15,3,6,1444,4,1,1,0,3,1,2,23,3,1,4,2,1,0,0,1
208,1,48,4,1,12169,4,0,1,0,1,4,3,36,3,2,4,3,1,1,0,1
209,2,9,3,6,2753,1,4,2,0,1,4,1,35,3,1,4,2,1,1,0,1
210,3,4,3,1,1494,4,1,4,0,3,1 <= ... < 4 yrs,0,29,3,1,4,1,0,0,1,1
211,0,24,4,7,2828,100 <= ... <  500 DM,2,1,0,3,4,0,22,stores,1,4,2,1,1,0,1
212,0,24,4,7,2483,100 <= ... <  500 DM,2,1,0,3,4,0,22,stores,1,4,2,1,1,0,1
213,3,6,4,1,1299,4,2,4,0,3,1,0,74,3,1,2,0,0,0,1,1
214,1,9,3,1,1549,4,1,1,0,3,1 <= ... < 4 yrs,0,35,3,1,4,0,1,0,0,1
215,3,10,3,1,3949,4,1,4,0,2,1,2,37,3,1,4,1,0,0,0,1
216,2,10,3,8,2901,4,1,4,3,3,4,0,31,3,0,4,2,1,0,0,1
217,3,6,3,1,709,3,1,3,2,3,1 <= ... < 4 yrs,0,27,3,1,4,0,1,0,1,1
218,0,47,3,1,10722,4,1,4,3,3,1,0,35,3,1,4,1,1,1,0,1
219,2,10,3,1,1287,4,4,1,0,1,1 <= ... < 4 yrs,2,45,3,1,4,1,1,0,1,1
220,0,18,4,6,1940,4,1,2,0,1,4,3,36,1,2,4,3,1,1,0,1
221,3,30,4,6,3656,4,4,1,0,3,4,2,49,stores,1,3,1,1,0,0,1
222,2,24,2,8,4679,4,3,2,0,3,4 <= ... < 7 yrs,1,35,3,1,3,1,1,1,0,1
223,2,27,2,8,8613,3,2,3,0,3,1 <= ... < 4 yrs,1,27,3,1,3,2,1,0,0,1
224,0,18,3,7,2659,3,2,1,0,3,1 <= ... < 4 yrs,1,28,3,1,4,2,1,0,0,1
225,2,24,4,6,1516,3,2,1,3,3,1,0,43,3,1,3,1,1,0,0,1
226,0,18,3,1,4380,1,2,2,0,3,4,1,35,3,1,4,1,0,1,0,1
227,2,14,2,1,802,4,2,1,0,3,1 <= ... < 4 yrs,1,27,3,1,3,1,1,0,0,1
228,2,21,3,0,1572,3,4,1,3,3,4,0,36,1,1,4,1,1,0,0,1
229,1,48,4,0,3566,1,3,1,0,3,1 <= ... < 4 yrs,1,30,3,1,4,2,1,0,0,1
230,2,24,3,6,1278,4,4,1,0,3,1,0,36,3,1,4,3,1,1,0,1
231,2,6,1,6,426,4,4,1,2,3,4,1,39,3,1,4,1,1,0,0,1
232,2,39,3,8,8588,1,4,1,0,3,1 <= ... < 4 yrs,1,45,3,1,4,3,1,1,0,1
233,0,30,3,8,3857,4,2,1,1,3,4,2,40,3,1,4,3,1,1,0,1
234,1,12,3,1,685,4,3,3,2,3,4 <= ... < 7 yrs,1,25,1,1,4,1,1,0,0,0
235,0,24,3,6,1603,4,4,1,3,3,4,1,55,3,1,4,2,1,0,0,1
236,2,21,3,7,2241,4,4,1,0,3,1 <= ... < 4 yrs,0,50,3,1,3,2,1,0,0,1
237,0,24,3,6,2384,4,4,1,0,3,4,0,64,1,0,4,1,1,0,0,1
238,2,4,3,7,601,4,1,4,3,3,4 <= ... < 7 yrs,0,23,3,0,4,1,0,0,0,1
239,2,39,3,8,2569,100 <= ... <  500 DM,2,1,0,3,4,1,24,3,1,4,2,1,0,0,1
240,2,15,4,6,1316,100 <= ... <  500 DM,2,3,2,3,1 <= ... < 4 yrs,2,47,3,1,3,1,1,0,0,1
241,2,60,3,1,10366,4,4,3,0,3,4,2,42,3,1,4,3,1,1,0,1
242,2,18,3,0,1568,1,2,2,3,3,4,2,24,3,0,4,1,1,0,0,1
243,2,18,4,6,629,100 <= ... <  500 DM,4,1,0,3,4 <= ... < 7 yrs,2,32,1,1,3,3,1,1,0,1
244,2,6,4,6,1750,100 <= ... <  500 DM,4,3,0,3,4,2,45,1,1,4,1,0,0,0,1
245,2,24,3,8,3488,1,3,2,3,3,4,1,23,3,1,4,2,1,0,0,1
246,2,18,4,6,1800,4,2,1,0,3,1 <= ... < 4 yrs,1,24,3,1,3,2,1,0,0,1
247,2,24,2,7,4151,1,2,3,0,3,4 <= ... < 7 yrs,2,35,3,1,3,2,1,0,0,1
248,1,15,3,4,2631,1,2,2,3,3,1 <= ... < 4 yrs,0,25,3,1,4,1,1,0,0,1
249,2,21,3,8,5248,4,2,4,0,3,4 <= ... < 7 yrs,1,26,3,1,4,2,1,0,0,1
250,1,18,2,1,2899,4,4,1,0,3,4,1,43,3,1,4,2,0,0,0,1
251,1,18,2,4,6204,4,2,3,0,3,4,0,44,3,1,4,1,0,1,0,1
252,2,12,3,6,804,4,4,1,0,3,4,1,38,3,1,4,2,1,0,0,1
253,2,36,3,6,3595,4,4,1,0,3,1 <= ... < 4 yrs,1,28,3,1,4,2,1,0,0,1
254,2,36,4,8,5711,3,4,1,0,3,1 <= ... < 4 yrs,1,38,3,1,3,3,1,1,0,1
255,3,15,3,0,2687,4,3,3,0,3,4,2,26,3,0,4,2,1,1,0,1
256,0,15,2,7,3643,4,4,4,3,3,4,2,27,3,1,3,1,1,0,0,1
257,2,10,4,7,2146,4,1,4,3,3,4 <= ... < 7 yrs,0,23,3,0,3,2,1,0,0,1
258,0,10,3,6,2315,4,4,2,0,3,4,0,52,3,1,4,1,1,0,0,1
259,2,5,3,0,3448,4,3,4,0,3,4,0,74,3,1,4,1,1,0,0,1
260,2,15,3,7,2708,4,1,3,0,3,4 <= ... < 7 yrs,2,27,1,1,3,1,1,0,0,1
261,2,11,4,1,1393,4,1,1,3,3,4,1,35,3,1,3,3,1,0,0,1
262,3,10,3,7,1275,4,1,1,3,3,1 <= ... < 4 yrs,2,23,3,1,4,2,1,0,0,1
263,2,9,3,7,1313,4,4,4,0,3,4,1,20,3,1,4,2,1,0,0,1
264,2,12,3,6,1493,4,1,1,3,3,4 <= ... < 7 yrs,1,34,3,1,4,2,0,0,0,1
265,2,22,3,6,2675,100 <= ... <  500 DM,4,2,0,3,4,1,40,3,1,4,2,1,0,0,1
266,1,9,3,6,2118,4,2,3,0,3,1 <= ... < 4 yrs,0,37,3,1,4,1,0,0,0,1
267,2,36,3,1,909,100 <= ... <  500 DM,4,1,0,3,4,2,36,3,1,4,2,1,0,0,1
268,2,12,4,7,1258,4,1,3,3,3,4,2,22,3,0,3,1,1,0,0,1
269,2,15,4,6,1569,1,4,1,0,3,4,1,34,1,1,4,1,0,0,0,1
270,2,6,3,8,1236,100 <= ... <  500 DM,2,3,0,3,4,2,50,3,0,4,2,1,0,0,1
271,2,36,2,7,7678,100 <= ... <  500 DM,3,3,3,3,4,1,40,3,1,3,2,1,1,0,1
272,2,6,3,4,660,100 <= ... <  500 DM,3,3,2,3,4,0,23,3,0,4,1,1,0,0,1
273,2,24,3,7,2835,100 <= ... <  500 DM,4,2,0,3,4,2,53,3,1,4,2,1,0,0,1
274,2,24,3,8,2670,4,4,1,0,3,4,1,35,3,1,4,3,1,1,0,1
275,2,12,4,5,3447,100 <= ... <  500 DM,2,1,3,3,4 <= ... < 7 yrs,0,35,3,1,4,1,0,0,0,1
276,2,15,3,6,3568,4,4,1,3,3,1 <= ... < 4 yrs,1,54,1,0,4,3,1,1,0,1
277,1,21,4,0,3652,4,3,3,0,3,4 <= ... < 7 yrs,2,27,3,1,3,2,1,0,0,1
278,0,24,3,6,3660,4,2,3,3,3,4,1,28,3,1,4,2,1,0,0,1
279,3,9,3,6,1126,1,4,3,1,3,4,0,49,3,1,4,2,1,0,0,1
280,3,6,2,6,683,4,1,3,3,3,1,2,29,1,1,4,2,1,0,0,1
281,3,12,3,7,2251,4,2,4,3,3,1 <= ... < 4 yrs,1,46,3,1,4,1,1,0,0,1
282,2,12,3,8,4675,4,1,4,3,3,4,1,20,3,0,4,2,1,0,0,1
283,1,21,2,1,2353,4,2,4,1,3,4,2,47,3,1,3,2,1,0,0,1
284,0,21,3,6,3357,3,1,1,3,3,1 <= ... < 4 yrs,1,29,1,1,4,2,1,0,0,1
285,2,6,3,1,672,4,0,4,3,3,4,0,54,3,1,4,0,1,1,0,1
286,0,6,4,6,338,100 <= ... <  500 DM,4,1,0,3,4,1,52,3,1,3,2,1,0,0,1
287,2,9,3,6,2697,4,2,4,0,3,1 <= ... < 4 yrs,0,32,3,1,4,2,0,0,0,1
288,2,9,3,1,2507,100 <= ... <  500 DM,4,3,0,3,4,3,51,3,2,4,1,1,0,0,1
289,2,15,2,6,1478,4,2,1,2,3,4 <= ... < 7 yrs,0,33,1,1,3,2,1,0,0,1
290,2,12,4,3,3565,4,1,3,0,3,1,2,37,3,1,3,1,0,0,0,1
291,2,15,3,7,2221,100 <= ... <  500 DM,2,3,3,3,4,1,20,3,0,4,2,1,0,0,1
292,2,6,4,6,1898,4,2,4,0,3,1 <= ... < 4 yrs,0,34,3,1,3,1,0,0,0,1
293,1,6,2,0,1449,1,4,4,1,3,1 <= ... < 4 yrs,1,31,1,1,3,2,0,0,0,1
294,2,15,2,7,960,3,3,2,3,3,1 <= ... < 4 yrs,2,30,3,1,3,2,1,0,0,1
295,2,36,3,8,8133,4,2,4,3,3,1 <= ... < 4 yrs,2,30,1,1,4,2,1,0,0,1
296,2,9,3,7,2301,1,1,3,3,3,4,2,22,3,0,4,2,1,0,0,1
297,2,6,2,0,1743,1,2,4,0,3,1 <= ... < 4 yrs,0,34,3,1,3,1,1,0,0,1
298,1,12,3,7,983,3,1,4,3,3,4,0,19,3,0,4,1,1,0,0,1
299,2,18,2,6,2320,4,0,3,2,3,4 <= ... < 7 yrs,0,34,3,1,3,2,1,0,0,1
300,0,12,4,5,339,4,4,1,2,3,1,1,45,1,1,4,1,1,0,0,1
301,3,24,3,6,5152,4,3,1,0,3,1 <= ... < 4 yrs,1,25,1,1,4,2,1,0,0,1
302,3,24,3,7,3749,4,1,3,3,3,4,1,26,3,1,4,2,1,0,0,1
303,2,9,4,6,3074,4,2,4,0,3,1 <= ... < 4 yrs,0,33,3,1,3,2,0,0,0,1
304,3,9,3,6,745,4,2,2,3,3,1 <= ... < 4 yrs,0,28,3,1,4,1,1,0,0,0
305,2,24,3,1,1469,1,4,1,2,3,4,0,41,3,0,4,1,1,0,0,1
306,0,6,3,7,1374,4,2,4,0,3,1 <= ... < 4 yrs,0,36,1,1,4,1,1,1,0,1
307,2,6,4,1,783,4,2,4,0,2,1 <= ... < 4 yrs,0,26,stores,1,4,1,0,0,0,1
308,0,21,3,6,2606,4,1,1,3,3,4,2,28,3,0,4,3,1,1,0,1
309,2,54,1,8,9436,4,2,3,0,3,1 <= ... < 4 yrs,2,39,3,1,4,1,0,0,0,1
310,2,12,4,6,930,4,4,1,0,3,4,0,65,3,1,1,2,1,0,0,1
311,2,48,4,8,2751,4,4,1,0,3,4 <= ... < 7 yrs,1,38,3,1,3,2,0,1,0,1
312,2,6,4,1,250,3,2,3,3,3,1 <= ... < 4 yrs,0,41,1,1,3,1,1,0,0,1
313,1,24,3,1,1201,4,1,1,0,3,1,2,26,3,1,4,2,1,0,0,1
314,0,6,3,1,662,4,1,2,0,3,4,0,41,3,1,4,1,0,1,0,1
315,2,15,3,8,1300,4,4,1,0,3,4,3,45,1,2,4,2,0,0,0,1
316,2,24,4,0,1559,4,3,1,0,3,4,1,40,1,1,4,2,1,1,0,1
317,3,12,3,6,3016,4,2,2,2,3,1,1,24,3,1,4,2,1,0,0,1
318,2,15,4,6,1360,4,2,1,0,3,1 <= ... < 4 yrs,2,31,3,1,3,2,1,0,0,1
319,2,6,1,1,1204,1,2,1,0,3,1,3,35,1,0,4,2,1,0,1,1
320,2,10,3,1,1597,100 <= ... <  500 DM,2,2,0,3,1 <= ... < 4 yrs,3,40,3,0,4,1,0,0,1,1
321,2,12,3,6,2073,1,2,1,3,1,1 <= ... < 4 yrs,0,28,3,1,4,2,1,0,0,1
322,2,11,3,0,2142,3,4,4,1,3,1 <= ... < 4 yrs,0,28,3,1,4,2,1,1,0,1
323,0,10,4,7,2132,4,1,3,3,1,4 <= ... < 7 yrs,0,27,3,0,3,2,1,0,1,1
324,2,10,3,1,1546,4,2,2,0,3,1 <= ... < 4 yrs,0,31,3,1,4,1,0,0,1,1
325,2,24,4,1,1287,3,4,1,3,3,4,0,37,3,1,3,2,1,1,0,1
326,2,10,3,1,1418,1,2,2,0,3,1 <= ... < 4 yrs,0,35,3,0,4,1,1,0,1,1
327,3,6,4,1,1343,4,4,4,0,3,4,0,46,3,1,3,2,0,0,1,1
328,2,18,3,1,2662,4,3,1,0,3,4 <= ... < 7 yrs,2,32,3,1,4,2,1,0,1,1
329,2,18,4,6,6070,4,4,2,0,3,4,1,33,3,1,3,2,1,1,0,1
330,2,24,4,3,1927,4,2,2,3,3,1 <= ... < 4 yrs,1,33,3,1,3,2,1,1,0,1
331,2,18,4,6,2404,4,2,3,3,3,1 <= ... < 4 yrs,1,26,3,1,3,2,1,0,0,1
332,2,6,4,6,1554,4,3,4,3,3,1 <= ... < 4 yrs,1,24,3,0,3,2,1,1,0,1
333,2,22,3,1,1283,4,3,1,3,3,4,2,25,3,0,4,2,1,0,0,1
334,2,24,2,1,717,4,4,1,2,3,4,1,54,3,1,3,2,1,1,0,1
335,0,24,3,7,1747,4,1,1,0,1,1,2,24,3,1,4,1,1,0,1,1
336,0,9,4,4,1288,1,4,2,0,2,4,0,48,3,1,3,2,0,0,1,1
337,0,10,4,1,1038,4,3,1,0,1,4 <= ... < 7 yrs,2,49,3,1,3,2,1,1,0,1
338,2,10,3,8,2848,1,2,4,0,1,1 <= ... < 4 yrs,0,32,3,1,4,2,0,0,0,1
339,2,12,3,8,1413,3,3,2,0,3,1 <= ... < 4 yrs,2,55,3,1,4,2,1,0,1,1
340,2,30,4,6,3077,4,4,2,0,3,1 <= ... < 4 yrs,1,40,3,1,3,2,0,1,0,1
341,0,24,4,8,3632,4,2,4,3,2,4,1,22,1,0,4,2,1,0,1,1
342,2,18,4,8,3229,4,0,3,0,3,4,3,38,3,1,4,3,1,1,0,1
343,2,9,3,1,3577,1,2,4,0,2,1 <= ... < 4 yrs,0,26,3,0,4,2,0,0,1,1
344,2,12,4,1,682,1,3,1,3,3,4 <= ... < 7 yrs,1,51,3,1,3,2,1,1,0,1
345,2,10,3,6,1924,4,2,4,0,3,4,2,38,3,1,4,2,1,1,1,1
346,2,10,3,3,727,100 <= ... <  500 DM,4,1,0,3,4,3,46,3,2,4,2,1,1,0,1
347,3,10,4,1,781,4,4,1,0,3,4,3,63,3,2,3,2,1,1,0,1
348,0,12,4,1,2121,4,2,1,0,3,1 <= ... < 4 yrs,2,30,3,1,3,2,1,0,0,1
349,2,12,4,3,701,4,2,1,0,3,1 <= ... < 4 yrs,1,32,3,1,3,2,1,0,0,1
350,2,10,4,7,2069,4,2,3,2,3,1,1,26,3,1,3,2,1,0,1,1
351,2,24,3,1,1525,3,3,1,3,3,4 <= ... < 7 yrs,1,34,3,1,4,2,0,1,0,1
352,2,48,4,0,7629,4,4,1,1,3,1 <= ... < 4 yrs,1,46,1,1,3,3,0,0,0,1
353,0,12,4,1,3499,4,2,2,3,1,1 <= ... < 4 yrs,0,29,3,1,3,2,1,0,0,0
354,2,6,3,6,1346,1,4,3,0,3,4,3,42,1,2,4,2,0,1,0,1
355,2,36,4,8,10477,4,4,3,0,3,4,3,42,3,2,3,2,1,0,0,1
356,0,24,3,8,2924,4,2,2,0,2,4,3,63,1,1,4,2,0,1,0,1
357,2,10,4,1,1231,4,4,2,0,3,4,0,32,3,1,3,1,0,0,1,1
358,3,18,3,1,1961,4,4,2,3,3,1 <= ... < 4 yrs,1,23,3,1,4,3,1,0,0,1
359,2,15,4,1,5045,4,4,4,3,3,4,1,59,3,1,4,2,1,1,0,1
360,2,12,4,1,1255,4,4,1,0,3,4,0,61,3,1,3,1,1,0,0,1
361,0,12,3,7,1858,4,1,1,3,3,1,1,22,3,0,4,2,1,0,0,1
362,2,6,4,7,1221,4,2,4,2,3,1 <= ... < 4 yrs,2,27,3,1,3,2,1,0,0,1
363,2,9,3,7,1388,4,2,1,3,3,1 <= ... < 4 yrs,0,26,3,0,4,2,1,0,0,1
364,2,12,3,6,2279,4,2,1,0,3,4,3,37,3,2,4,2,1,1,0,1
365,2,12,1,7,2759,4,4,3,0,3,4,2,34,3,1,3,2,1,0,0,1
366,3,24,3,6,1258,100 <= ... <  500 DM,2,2,3,3,4 <= ... < 7 yrs,1,57,3,1,4,1,1,0,0,1
367,1,12,1,5,1410,4,2,3,0,3,1 <= ... < 4 yrs,0,31,3,1,4,1,1,1,0,1
368,0,15,3,1,1403,4,2,3,3,3,4,1,28,3,0,4,2,1,0,0,1
369,0,24,3,7,3021,4,2,3,1,3,1 <= ... < 4 yrs,0,24,3,0,4,1,1,0,0,1
370,0,24,3,0,6568,4,2,3,2,3,1 <= ... < 4 yrs,1,21,stores,1,4,1,1,0,0,1
371,2,24,4,6,2578,3,4,3,0,3,1 <= ... < 4 yrs,1,34,3,1,4,2,1,0,0,1
372,1,24,4,8,7758,3,4,3,3,3,4,3,29,3,0,4,2,1,0,0,1
373,0,6,3,2,343,4,1,1,3,3,1,0,27,3,1,4,2,1,0,0,1
374,2,21,2,7,1591,1,3,1,0,3,4 <= ... < 7 yrs,0,34,3,1,3,3,1,0,0,1
375,0,27,3,6,3416,4,2,2,0,3,1 <= ... < 4 yrs,1,27,3,1,4,3,1,0,0,1
376,0,12,1,4,1108,4,3,1,0,3,4 <= ... < 7 yrs,0,28,3,1,3,2,1,0,0,0
377,1,27,2,8,5965,4,4,4,0,3,1 <= ... < 4 yrs,1,30,3,1,3,3,1,1,0,1
378,1,15,3,4,1514,1,2,1,0,2,1 <= ... < 4 yrs,0,22,3,1,4,2,1,0,0,1
379,2,30,4,6,6742,4,3,3,0,3,4 <= ... < 7 yrs,2,36,3,1,3,2,1,0,0,1
380,0,18,3,7,3650,4,1,4,3,3,4,1,22,3,0,4,2,1,0,0,1
381,0,21,3,7,3599,4,3,4,3,3,4,1,26,3,0,4,1,1,0,0,1
382,2,60,4,1,13756,4,4,3,0,3,4,3,63,1,2,4,3,1,1,0,1
383,1,9,3,1,276,4,2,1,2,3,4,0,22,3,0,4,1,1,0,0,1
384,2,42,4,7,4041,100 <= ... <  500 DM,2,1,0,3,4,0,36,3,1,3,2,1,1,0,1
385,1,9,3,6,458,4,2,1,0,3,4 <= ... < 7 yrs,0,24,3,1,4,2,1,0,0,1
386,1,9,3,7,918,4,2,1,3,3,1,2,30,3,1,4,2,1,0,0,0
387,2,24,3,1,7393,4,2,4,0,3,4,2,43,3,1,4,1,0,0,0,1
388,3,10,3,2,1225,4,2,3,0,3,1 <= ... < 4 yrs,1,37,3,1,4,2,1,1,0,1
389,0,24,3,8,2812,4,4,3,3,3,4,0,26,3,0,4,2,1,0,0,1
390,2,15,3,8,3029,4,3,3,0,3,1 <= ... < 4 yrs,1,33,3,1,4,2,1,0,0,1
391,3,12,4,1,1480,100 <= ... <  500 DM,0,3,0,3,4,3,66,1,2,2,0,1,0,0,1
392,3,6,4,3,1047,4,2,3,3,3,4,2,50,3,1,4,1,1,0,0,1
393,2,15,4,6,1471,4,2,1,0,3,4,3,35,3,2,3,2,1,1,0,1
394,2,24,3,7,5511,1,2,1,0,3,1,1,25,stores,1,4,2,1,0,0,1
395,1,9,3,6,1206,4,4,1,3,3,4,0,25,3,1,4,2,1,0,0,1
396,1,24,2,6,6403,4,1,4,0,3,1 <= ... < 4 yrs,1,33,3,1,4,2,1,0,0,1
397,2,12,3,6,707,4,2,1,0,3,1 <= ... < 4 yrs,0,30,1,1,3,2,1,0,0,1
398,2,12,2,8,1503,4,2,1,2,3,4,0,41,3,0,4,2,1,0,0,1
399,1,12,3,1,6078,4,3,3,0,3,1 <= ... < 4 yrs,1,32,3,1,4,2,1,0,0,1
400,1,27,3,0,2528,4,1,1,3,3,1,2,32,3,1,4,2,0,1,0,1
401,1,12,3,0,1037,1,3,2,0,3,4,0,39,3,1,4,1,1,0,0,1
402,0,6,3,8,1352,100 <= ... <  500 DM,0,4,3,3,1 <= ... < 4 yrs,2,23,3,0,4,0,1,1,0,1
403,2,24,3,6,3181,4,1,1,3,3,4,2,26,3,1,4,2,1,1,0,1
404,2,18,3,6,4594,4,1,2,0,3,1 <= ... < 4 yrs,1,32,3,1,4,2,1,1,0,1
405,1,48,3,9,5381,4,0,2,0,3,4,3,40,1,2,4,0,1,1,0,1
406,2,15,3,8,4657,4,2,2,0,3,1 <= ... < 4 yrs,1,30,3,1,4,2,1,1,0,1
407,1,9,3,0,1391,4,2,3,2,3,1,0,27,1,1,4,2,1,1,0,1
408,1,18,3,0,1913,3,1,2,2,3,4 <= ... < 7 yrs,0,36,1,1,4,2,1,1,0,1
409,2,42,3,6,7166,4,3,3,2,3,4,2,29,3,0,4,2,1,1,0,1
410,2,13,3,6,1409,1,0,3,3,3,4,0,64,3,1,4,2,1,0,0,1
411,2,24,2,0,2978,4,2,1,0,3,4,0,32,3,1,3,2,0,1,0,1
412,2,12,4,6,976,4,4,1,0,3,4,1,35,3,1,3,2,1,0,0,1
413,2,24,2,0,2375,100 <= ... <  500 DM,2,1,0,3,1 <= ... < 4 yrs,1,44,3,1,3,2,0,1,0,1
414,2,12,4,6,522,100 <= ... <  500 DM,4,1,0,3,4,2,42,3,1,3,2,0,1,0,1
415,2,28,4,6,2743,4,4,1,0,3,1 <= ... < 4 yrs,1,29,3,1,3,2,1,0,0,1
416,2,11,4,6,1154,1,0,1,3,3,4,0,57,3,1,2,1,1,0,0,1
417,2,24,4,8,5804,3,2,1,0,3,1 <= ... < 4 yrs,0,27,3,1,3,2,1,0,0,1
418,2,18,4,6,1169,4,2,1,0,3,4 <= ... < 7 yrs,2,29,3,1,3,2,1,1,0,1
419,0,15,4,7,1478,4,4,1,0,3,4,1,44,3,1,3,2,0,1,0,1
420,2,12,3,6,776,4,2,1,2,3,1 <= ... < 4 yrs,0,28,3,1,4,2,1,0,0,1
421,1,11,4,1,1322,3,2,1,3,3,4,1,40,3,1,3,2,1,0,0,1
422,1,16,4,1,1175,4,0,3,0,3,4 <= ... < 7 yrs,1,68,3,2,2,0,1,1,0,1
423,2,12,3,1,2133,4,4,1,3,3,4,3,52,3,2,4,3,1,1,0,1
424,2,15,4,6,1829,4,4,1,0,3,4,1,46,3,1,3,2,1,1,0,1
425,2,12,4,6,717,4,4,1,0,3,4,0,52,3,1,2,2,1,0,0,1
426,1,39,2,3,11760,1,3,3,0,3,4 <= ... < 7 yrs,3,32,3,0,4,2,1,1,0,1
427,1,9,4,3,1501,4,4,3,3,3,4 <= ... < 7 yrs,1,34,3,1,3,3,1,1,0,0
428,0,12,3,3,1200,4,2,1,3,3,4,2,23,1,0,4,2,1,1,0,1
429,1,9,3,1,3195,4,2,4,3,3,1 <= ... < 4 yrs,0,33,3,1,4,1,1,0,0,1
430,2,30,4,6,4530,4,3,1,3,3,4,1,26,3,0,4,3,1,1,0,1
431,2,12,2,4,1555,3,4,1,0,3,4,3,55,3,2,3,2,0,0,0,0
432,1,15,4,0,2326,100 <= ... <  500 DM,2,3,0,3,4,1,27,1,1,4,2,1,0,0,1
433,1,18,4,0,1887,4,2,1,2,3,4,0,28,1,1,3,2,1,0,0,1
434,2,12,4,0,1264,4,4,1,0,3,4,3,57,3,0,4,1,1,0,0,1
435,2,7,2,6,846,4,4,2,0,3,4,3,36,3,2,4,2,1,0,0,1
436,2,15,4,3,1532,1,2,1,3,3,4 <= ... < 7 yrs,1,31,3,1,4,2,1,0,0,1
437,2,6,2,6,935,4,2,2,3,3,1 <= ... < 4 yrs,0,24,3,1,4,2,1,0,0,1
438,0,27,4,0,2442,4,4,1,0,3,4,1,43,stores,1,1,3,0,1,0,1
439,1,18,4,0,3590,4,0,2,2,3,4 <= ... < 7 yrs,1,40,3,1,2,0,0,1,0,1
440,2,21,4,7,2288,4,1,1,3,3,4,2,23,3,1,4,2,1,1,0,1
441,2,27,2,0,5117,4,3,2,0,3,4,1,26,3,1,3,2,1,0,0,1
442,0,39,4,7,14179,4,3,1,0,3,4,2,30,3,1,3,3,1,1,0,1
443,2,15,3,6,1386,4,2,1,2,3,1 <= ... < 4 yrs,0,40,3,0,4,2,1,1,0,1
444,2,12,4,6,618,4,4,1,0,3,4,0,56,3,1,4,2,1,0,0,1
445,2,12,3,7,1574,4,2,1,0,3,1 <= ... < 4 yrs,0,50,3,1,4,2,1,0,0,1
446,2,6,4,6,700,4,4,1,0,3,4,3,36,3,2,3,2,1,0,0,1
447,2,12,3,6,886,4,2,1,3,3,1 <= ... < 4 yrs,1,21,3,1,4,2,1,0,0,1
448,2,36,3,8,4686,4,2,3,0,3,1 <= ... < 4 yrs,3,32,3,2,4,3,1,1,0,1
449,1,9,3,6,790,100 <= ... <  500 DM,2,1,3,3,4 <= ... < 7 yrs,0,66,3,1,4,1,1,0,0,1
450,1,12,3,6,766,100 <= ... <  500 DM,2,1,0,3,4 <= ... < 7 yrs,0,66,3,1,4,1,1,0,0,0
451,0,20,3,7,2212,4,3,1,0,3,4,1,39,3,1,4,2,1,1,0,1
452,1,10,3,1,7308,4,0,3,0,3,4,3,70,1,2,4,3,1,1,0,1
453,1,24,4,3,5743,4,1,3,3,3,4,3,24,3,2,3,2,1,1,0,1
454,0,14,3,1,3973,4,0,4,0,3,4,3,22,3,2,4,2,1,0,0,1
455,1,60,2,6,7418,4,2,4,0,3,1,0,27,3,1,4,1,1,0,0,1
456,1,20,2,9,2629,4,2,3,0,3,4 <= ... < 7 yrs,1,29,1,1,3,2,1,1,0,1
457,1,18,3,0,1941,3,2,1,0,3,1 <= ... < 4 yrs,2,35,3,1,4,1,1,1,0,1
458,1,24,2,7,2333,4,1,1,0,3,1 <= ... < 4 yrs,2,29,1,1,4,1,1,0,0,1
459,2,12,3,8,2445,4,1,3,2,3,4,1,26,3,0,4,2,1,1,0,1
460,1,20,3,8,6468,4,0,4,1,3,4,0,60,3,1,4,3,1,1,0,1
461,1,18,4,7,7374,4,0,1,0,3,4,2,40,stores,1,3,3,1,1,0,1
462,2,15,3,8,3812,1,1,4,3,3,4,1,23,3,1,4,2,1,1,0,1
463,0,28,3,1,4006,4,2,2,0,3,1 <= ... < 4 yrs,1,45,3,1,4,1,1,0,0,0
464,1,12,3,1,7472,4,0,4,3,3,1 <= ... < 4 yrs,0,24,3,0,4,0,1,0,0,1
465,3,12,3,7,1424,4,4,2,3,3,4,0,55,3,1,4,3,1,1,0,1
466,1,12,3,8,2028,4,2,1,0,3,1 <= ... < 4 yrs,1,30,3,1,4,2,1,0,0,1
467,2,15,3,1,5324,100 <= ... <  500 DM,4,4,3,3,4,3,35,3,2,4,2,1,0,0,1
468,1,36,3,6,2323,4,3,1,0,3,4,1,24,3,0,4,2,1,0,0,1
469,2,12,3,3,1393,4,4,1,0,3,4,2,47,1,1,2,2,0,1,0,1
470,2,18,3,7,1984,4,2,1,0,3,4,3,47,1,2,3,2,1,0,0,1
471,2,24,3,6,999,4,4,1,0,3,1 <= ... < 4 yrs,1,25,3,1,3,2,1,0,0,1
472,2,36,3,0,7409,4,4,2,0,3,1 <= ... < 4 yrs,2,37,3,1,3,2,1,0,0,1
473,2,15,3,7,2186,4,3,4,3,3,4,0,33,1,0,4,1,1,0,0,1
474,3,36,3,6,4473,4,4,1,0,3,1 <= ... < 4 yrs,1,31,3,1,4,2,1,0,0,1
475,2,24,3,5,937,4,1,1,2,3,4 <= ... < 7 yrs,1,27,3,1,3,1,1,0,0,1
476,2,18,3,7,3422,4,4,1,0,3,4,2,47,1,1,2,2,0,1,0,1
477,2,24,3,6,3105,4,1,1,0,3,1 <= ... < 4 yrs,1,25,3,1,3,2,1,0,0,1
478,2,12,4,3,2748,4,4,3,3,3,4,3,57,1,2,2,1,1,0,0,1
479,1,18,3,4,3872,4,0,3,3,3,4,1,67,3,1,4,2,1,1,0,1
480,2,27,3,4,5190,4,4,1,0,3,4,2,48,3,1,1,2,0,1,0,1
481,1,18,3,7,3001,4,3,3,3,3,4,0,40,3,0,4,2,1,0,0,1
482,2,24,2,0,3863,4,2,4,0,3,1 <= ... < 4 yrs,3,32,3,2,4,2,1,0,0,1
483,2,12,4,7,5801,4,4,3,0,3,4,2,49,3,0,4,2,1,1,1,1
484,2,12,4,7,1592,3,3,2,3,3,1 <= ... < 4 yrs,2,35,3,1,4,2,1,0,0,1
485,2,12,4,0,1185,4,2,2,3,3,1 <= ... < 4 yrs,0,27,3,1,3,2,1,0,0,1
486,2,18,4,7,3780,4,1,2,1,3,1 <= ... < 4 yrs,1,35,3,1,3,3,1,1,0,1
487,1,18,4,7,3612,4,4,2,3,3,4,2,37,3,1,4,2,1,1,1,1
488,2,12,3,0,1076,4,2,3,2,3,1 <= ... < 4 yrs,0,26,3,1,4,2,1,1,0,1
489,2,12,3,1,3527,4,1,3,0,3,4 <= ... < 7 yrs,2,45,3,1,4,3,0,1,0,1
490,2,18,3,6,2051,4,1,1,0,3,1,0,33,3,1,4,2,1,0,0,1
491,2,12,4,7,3331,4,4,3,0,3,4,2,42,stores,1,4,2,1,0,0,1
492,0,18,1,0,3104,4,3,2,0,3,1,2,31,1,1,4,2,1,1,0,1
493,2,24,4,6,2611,4,4,1,2,1,4 <= ... < 7 yrs,0,46,3,1,3,2,1,0,0,1
494,0,12,4,8,1409,4,4,1,0,3,4 <= ... < 7 yrs,0,54,3,1,4,2,1,0,0,1
495,2,24,3,6,1311,1,3,1,2,3,4 <= ... < 7 yrs,2,26,3,1,4,2,1,1,0,1
496,2,6,3,6,2108,4,3,3,2,3,1 <= ... < 4 yrs,0,29,3,0,4,2,1,0,0,1
497,2,24,4,8,4042,4,3,2,0,3,4,2,43,3,1,3,2,1,1,0,1
498,2,12,4,1,926,4,0,4,3,3,1 <= ... < 4 yrs,2,38,3,1,4,0,1,0,0,1
499,0,12,3,6,1680,100 <= ... <  500 DM,4,2,2,3,1,0,35,3,1,4,2,1,0,0,1
500,2,24,3,1,1249,4,1,1,2,3,1 <= ... < 4 yrs,0,28,3,1,4,2,1,0,0,1
501,2,24,4,1,2463,1,3,1,2,3,4 <= ... < 7 yrs,2,27,3,1,3,2,1,1,0,1
502,2,6,3,6,1595,4,3,2,0,3,1 <= ... < 4 yrs,2,51,3,1,4,2,0,0,0,1
503,2,24,4,4,2058,4,2,1,1,3,1 <= ... < 4 yrs,0,33,3,1,3,2,1,1,0,1
504,2,24,3,8,7814,4,3,2,0,3,4 <= ... < 7 yrs,1,38,3,1,4,3,1,1,0,1
505,2,6,4,6,1740,4,4,3,2,3,1 <= ... < 4 yrs,0,30,3,0,3,2,1,0,0,1
506,2,12,4,6,1240,4,4,1,3,3,1 <= ... < 4 yrs,0,38,3,1,3,2,1,1,0,1
507,2,24,4,8,6842,4,2,3,0,3,4,2,46,3,1,3,3,0,1,0,1
508,2,24,4,7,5150,4,4,1,0,3,4,1,33,3,1,4,2,1,1,0,1
509,0,6,3,1,1203,1,4,2,0,3,1 <= ... < 4 yrs,2,43,3,1,4,2,1,1,0,1
510,2,6,4,1,2080,100 <= ... <  500 DM,2,4,2,3,1 <= ... < 4 yrs,1,24,3,1,4,2,1,0,0,1
511,2,6,3,3,1538,4,1,4,3,3,1 <= ... < 4 yrs,3,56,3,1,4,2,1,0,0,1
512,1,24,4,1,3878,1,1,1,1,3,1 <= ... < 4 yrs,1,37,3,1,4,2,1,1,0,1
513,1,30,3,7,3832,4,1,3,2,3,1,2,22,3,1,4,2,1,0,0,1
514,2,15,3,1,3186,3,3,3,3,3,4 <= ... < 7 yrs,1,20,3,0,4,2,1,0,0,1
515,1,24,3,6,2896,1,1,3,0,3,1,1,29,3,1,4,2,1,0,0,1
516,1,24,2,0,6967,1,3,1,0,3,4,1,36,3,0,4,3,1,1,0,1
517,2,36,3,3,1819,4,2,1,0,3,4,3,37,stores,2,4,2,1,1,0,0
518,2,24,3,6,5943,4,1,4,3,3,1,1,44,3,1,3,2,1,1,0,0
519,2,36,4,7,7127,4,1,3,3,3,4,2,23,3,0,3,2,1,1,0,0
520,2,36,3,7,3349,4,2,1,3,3,1 <= ... < 4 yrs,1,28,3,1,4,3,1,1,0,0
521,2,36,3,7,10974,4,0,1,3,3,1 <= ... < 4 yrs,1,26,3,1,3,3,1,1,0,0
522,2,6,3,6,518,4,2,2,3,3,1,0,29,3,1,4,2,1,0,0,1
523,2,18,3,6,1126,4,1,1,3,3,1 <= ... < 4 yrs,0,21,3,0,4,2,1,1,0,1
524,1,12,4,8,1860,4,0,1,0,3,1 <= ... < 4 yrs,1,34,3,1,3,3,1,1,0,1
525,2,36,4,6,9566,4,2,3,3,3,1 <= ... < 4 yrs,1,31,stores,1,3,2,1,0,0,1
526,0,12,3,6,701,4,2,1,2,3,1 <= ... < 4 yrs,0,40,3,1,4,1,1,0,0,1
527,1,12,3,6,2930,4,3,3,3,3,1,0,27,3,1,4,2,1,0,0,1
528,2,18,3,6,1505,4,2,1,0,3,1 <= ... < 4 yrs,3,32,3,2,4,3,1,1,0,1
529,2,18,4,6,2238,4,2,3,3,3,1,1,25,3,1,3,2,1,0,0,1
530,2,4,4,6,1503,4,3,3,0,3,1,0,42,3,1,3,1,0,0,0,1
531,2,24,4,8,2197,4,3,1,0,3,4,1,43,3,1,3,2,0,1,0,1
532,3,12,3,6,1881,4,2,3,3,3,1 <= ... < 4 yrs,1,44,3,0,4,1,1,1,0,1
533,0,18,4,6,1880,4,3,1,2,3,1,2,32,3,1,3,3,1,1,0,1
534,0,18,3,6,2389,4,1,1,3,3,1,1,27,stores,1,4,2,1,0,0,1
535,1,24,3,6,1967,4,4,1,3,3,4,1,20,3,1,4,2,1,1,0,1
536,2,4,4,1,3380,4,3,4,3,3,1,0,37,3,1,4,2,0,0,0,1
537,2,4,4,1,1455,4,3,3,0,3,1,0,42,3,1,2,1,0,0,0,1
538,2,7,4,6,730,4,4,1,0,3,1 <= ... < 4 yrs,2,46,3,0,3,1,1,1,0,1
539,1,18,1,7,3244,4,2,4,3,3,4,1,33,1,1,3,2,1,1,0,1
540,1,9,3,6,1670,4,1,1,3,3,1 <= ... < 4 yrs,1,22,3,1,4,2,1,1,0,0
541,1,48,3,6,3979,4,3,1,0,3,1,1,41,3,1,3,2,0,1,0,1
542,1,12,3,7,1922,4,2,1,0,3,1 <= ... < 4 yrs,2,37,3,1,4,1,1,0,0,0
543,1,18,4,7,1295,4,1,1,3,3,1,2,27,3,1,3,2,1,0,0,1
544,2,4,4,6,1544,4,3,3,0,3,1,0,42,3,1,2,1,0,0,0,1
545,1,8,3,0,907,4,1,2,2,3,1 <= ... < 4 yrs,0,26,3,1,4,2,1,1,0,1
546,1,30,3,6,1715,4,2,1,3,3,1,1,26,3,1,4,2,1,0,0,1
547,3,10,4,6,1347,4,3,1,0,3,1 <= ... < 4 yrs,2,27,3,1,3,2,1,1,0,1
548,1,12,3,1,1007,3,2,1,2,3,1,0,22,3,1,4,2,1,0,0,1
549,2,12,4,7,1402,100 <= ... <  500 DM,3,2,3,3,4,1,37,3,0,4,2,1,1,0,1
550,1,12,3,1,2002,4,3,2,0,3,4,2,30,3,0,4,2,0,1,0,1
551,2,12,4,3,2096,4,3,3,0,3,4 <= ... < 7 yrs,0,49,3,1,4,1,0,0,0,1
552,2,12,3,1,1101,4,2,2,2,3,1 <= ... < 4 yrs,0,27,3,1,3,2,1,1,0,1
553,2,10,3,5,894,4,3,1,3,3,4 <= ... < 7 yrs,2,40,3,1,4,2,1,1,0,1
554,1,11,3,7,1577,3,1,1,3,3,1,0,20,3,1,4,2,1,0,0,1
555,2,33,2,0,2764,4,2,3,3,3,1 <= ... < 4 yrs,1,26,3,1,3,2,1,1,0,1
556,1,48,1,1,8358,100 <= ... <  500 DM,1,4,3,3,1,1,30,3,1,3,2,1,0,0,1
557,3,12,3,7,1474,4,1,1,3,3,1,2,33,1,1,4,3,1,1,0,1
558,2,24,3,8,5433,4,0,3,3,3,4,2,26,3,0,4,3,1,1,0,1
559,1,14,3,0,1410,100 <= ... <  500 DM,4,4,2,3,1 <= ... < 4 yrs,0,35,3,1,4,2,1,1,0,1
560,2,20,4,1,3485,4,1,3,1,3,4,0,44,3,1,3,2,1,1,0,1
561,2,18,4,8,3850,4,3,2,0,3,1,1,27,3,1,3,2,1,0,0,1
562,1,60,3,1,7408,1,1,1,3,3,1 <= ... < 4 yrs,2,24,3,1,4,3,1,0,0,0
563,3,24,3,6,1377,1,4,1,3,3,1 <= ... < 4 yrs,3,47,3,2,4,2,1,1,0,1
564,2,30,2,0,4272,1,2,3,0,3,1 <= ... < 4 yrs,2,26,3,1,3,1,1,0,0,1
565,1,24,2,6,1553,1,3,2,3,3,1 <= ... < 4 yrs,2,23,3,0,3,2,1,1,0,1
566,1,36,2,0,9857,1,3,4,0,3,4 <= ... < 7 yrs,2,31,3,1,3,1,0,1,0,1
567,2,6,4,1,362,1,2,1,3,3,4,1,52,3,1,3,1,1,0,0,1
568,2,12,4,7,1935,4,4,1,0,3,4,0,43,3,1,2,2,1,1,0,1
569,2,48,3,6,10222,4,3,1,0,3,4 <= ... < 7 yrs,1,37,stores,1,4,2,1,1,0,1
570,3,12,3,1,1330,4,1,1,0,3,1,0,26,3,1,4,2,1,0,0,1
571,2,36,3,3,9055,4,2,3,0,3,4,3,35,3,2,4,1,0,1,0,1
572,1,26,3,8,7966,4,1,3,0,3,4 <= ... < 7 yrs,1,30,3,1,3,2,1,0,0,1
573,1,30,4,7,3496,3,2,1,0,3,1 <= ... < 4 yrs,1,34,stores,1,4,2,0,1,0,1
574,1,36,3,8,6948,4,2,3,0,3,1 <= ... < 4 yrs,1,35,3,0,4,3,1,1,0,1
575,1,48,1,0,12204,4,2,3,0,3,1 <= ... < 4 yrs,1,48,1,1,4,3,1,1,0,1
576,0,36,3,7,3446,4,4,1,0,3,1 <= ... < 4 yrs,1,42,3,1,4,2,0,0,0,0
577,0,12,3,3,684,4,2,1,0,3,4,1,40,3,0,4,1,0,0,0,0
578,0,33,4,7,4281,100 <= ... <  500 DM,2,4,3,3,4,1,23,3,1,3,2,1,0,0,0
579,0,42,3,6,7174,4,3,1,3,3,4 <= ... < 7 yrs,1,30,3,1,4,3,1,1,0,0
580,0,24,4,6,1546,4,3,1,0,2,4,1,24,1,0,4,1,1,0,0,0
581,0,24,3,7,2359,1,0,4,1,3,1,2,33,3,1,4,2,1,0,0,0
582,2,24,3,6,3621,1,4,3,0,3,4,1,31,3,1,3,2,1,0,0,0
583,0,12,3,2,741,1,0,1,3,3,4 <= ... < 7 yrs,2,22,3,1,4,2,1,0,0,0
584,0,12,3,7,7865,4,4,1,0,3,4,3,53,3,2,4,3,1,1,0,0
585,0,24,3,8,2910,4,3,3,0,3,1,3,34,3,2,4,3,1,1,0,1
586,0,18,4,1,5302,4,4,3,0,3,4,3,36,3,2,2,3,1,1,0,1
587,0,36,3,7,3620,4,2,4,0,2,1 <= ... < 4 yrs,2,37,3,1,4,2,0,0,0,1
588,0,18,3,6,3509,4,3,1,3,2,1,0,25,3,1,4,2,1,0,0,1
589,1,12,3,7,3017,4,1,2,3,3,1,0,34,3,0,4,3,1,0,0,1
590,0,12,3,7,1657,4,2,3,0,3,1 <= ... < 4 yrs,0,27,3,1,4,2,1,0,0,1
591,0,8,4,9,1164,4,4,2,0,3,4,3,51,1,2,3,3,0,1,0,1
592,0,36,4,7,6229,4,1,1,3,1,4,3,23,3,0,3,1,1,1,0,0
593,0,24,4,1,1193,4,0,4,3,1,4,3,29,3,0,3,0,1,0,0,0
594,0,30,1,7,4583,4,2,3,1,2,1 <= ... < 4 yrs,0,32,3,1,3,2,1,0,0,1
595,0,36,4,7,5371,4,2,2,0,2,1 <= ... < 4 yrs,2,28,3,1,3,2,1,0,0,1
596,0,12,3,7,708,4,2,3,0,2,4 <= ... < 7 yrs,2,38,3,1,4,1,0,0,0,1
597,0,21,4,1,571,4,4,1,0,3,4,0,65,3,1,3,2,1,0,0,1
598,0,30,3,6,2522,4,4,4,0,2,4 <= ... < 7 yrs,2,39,3,1,4,2,0,0,0,1
599,0,36,3,7,5179,4,3,1,0,3,1 <= ... < 4 yrs,2,29,3,1,4,2,1,0,0,0
600,0,36,3,8,8229,4,2,3,0,3,1 <= ... < 4 yrs,2,26,3,1,4,2,0,0,0,0
601,2,24,4,7,2028,4,3,3,0,3,1 <= ... < 4 yrs,2,30,3,1,3,1,1,0,0,1
602,0,6,3,1,1374,4,0,1,3,3,4 <= ... < 7 yrs,2,75,3,1,4,3,1,1,0,1
603,0,12,3,7,1289,4,2,1,0,2,1,2,21,3,1,4,1,1,0,0,1
604,0,36,3,7,2712,4,4,3,0,3,1 <= ... < 4 yrs,2,41,1,1,4,2,0,0,0,0
605,0,15,4,7,975,4,2,3,1,3,4 <= ... < 7 yrs,2,25,3,1,3,2,1,0,0,1
606,1,6,2,7,1050,4,0,1,0,3,1,2,35,stores,1,3,3,1,1,1,1
607,0,6,4,1,609,4,3,1,3,3,4 <= ... < 7 yrs,2,37,3,1,3,2,1,0,0,1
608,0,48,3,8,4788,4,3,1,0,3,4 <= ... < 7 yrs,2,26,3,1,4,2,0,0,0,1
609,1,24,3,7,3069,1,4,1,0,3,4,3,30,3,2,4,2,1,0,0,1
610,1,12,3,1,836,1,1,1,3,3,1 <= ... < 4 yrs,2,23,1,1,4,1,1,0,0,0
611,0,12,3,7,2577,4,2,3,1,3,1,1,42,3,1,4,2,1,0,0,1
612,0,12,3,7,1620,4,2,3,3,1,4 <= ... < 7 yrs,2,30,3,1,4,2,1,0,0,1
613,0,15,3,7,1845,4,1,1,3,2,1,2,46,3,0,4,2,1,0,0,1
614,0,24,3,8,6579,4,0,1,0,3,1 <= ... < 4 yrs,3,29,3,2,4,3,1,1,0,1
615,0,12,3,1,1893,4,2,1,3,2,4,2,29,3,1,4,2,1,1,0,1
616,0,30,4,8,10623,4,4,2,0,3,4,3,38,3,2,2,3,0,1,0,1
617,0,18,3,1,2249,1,3,1,0,3,4 <= ... < 7 yrs,1,30,3,1,4,3,0,1,0,1
618,0,30,3,7,3108,4,1,3,1,3,4,2,31,3,1,4,1,1,0,0,0
619,1,12,4,1,958,4,3,3,0,3,4 <= ... < 7 yrs,0,47,3,1,3,1,0,0,0,1
620,2,24,3,8,9277,4,2,3,1,3,4,3,48,3,2,4,2,1,1,0,1
621,2,24,4,9,6314,4,0,1,0,1,1 <= ... < 4 yrs,3,27,1,1,3,3,1,1,0,1
622,0,12,4,8,1526,4,4,1,0,3,4,3,66,3,2,3,3,1,0,0,1
623,0,12,3,7,3590,4,2,3,0,1,1 <= ... < 4 yrs,2,29,3,1,4,1,0,0,0,1
624,0,24,4,8,6615,4,0,3,0,3,4,3,75,3,2,3,3,1,1,0,1
625,0,6,4,7,1872,4,0,1,0,3,4,3,36,3,2,2,3,1,1,0,1
626,2,12,3,1,2859,4,0,1,0,3,4,3,38,3,1,4,3,1,1,0,1
627,2,18,4,6,1582,3,4,1,0,3,4,1,46,3,1,3,2,1,0,0,1
628,2,6,3,5,1238,4,0,1,0,3,4,2,36,3,1,4,3,0,1,0,1
629,0,12,3,7,2578,4,0,2,3,3,4,3,55,3,2,4,3,1,0,0,1
630,0,15,4,7,1433,4,2,1,3,3,4 <= ... < 7 yrs,2,25,3,0,3,2,1,0,0,1
631,0,42,3,7,7882,4,3,3,0,2,4,2,45,3,2,4,2,0,0,0,1
632,0,24,3,7,4169,4,2,1,0,3,4,2,28,3,1,4,2,1,0,0,1
633,0,36,3,7,3959,4,0,1,0,3,4 <= ... < 7 yrs,2,30,3,1,4,3,1,1,0,1
634,0,36,3,1,3249,4,3,3,0,3,4,3,39,1,2,4,3,0,1,0,1
635,0,24,3,7,3149,4,1,1,0,3,1,3,22,1,2,4,2,1,0,0,1
636,0,12,4,7,2246,4,4,2,0,3,4 <= ... < 7 yrs,2,60,3,1,3,2,1,0,0,0
637,0,13,4,0,1797,4,1,2,0,3,1,2,28,1,1,3,1,1,0,0,1
638,0,20,4,7,4272,4,4,4,3,3,4,2,24,3,1,3,2,1,0,0,1
639,0,24,4,8,2957,4,4,1,0,3,4,2,63,3,1,3,2,1,1,0,1
640,0,36,4,7,2348,4,2,2,2,3,1 <= ... < 4 yrs,2,46,3,1,3,2,1,1,0,1
641,3,42,1,0,6289,4,1,3,1,3,1,2,33,3,1,3,2,1,0,0,1
642,0,24,4,8,6419,4,4,3,3,3,4,3,44,3,2,3,3,0,1,0,1
643,0,48,4,8,6143,4,4,1,3,3,4,3,58,stores,2,3,1,1,0,0,0
644,2,24,4,3,1597,4,4,1,0,3,4,3,54,3,2,3,2,0,0,0,1
645,0,36,3,9,15857,4,0,3,1,1,4 <= ... < 7 yrs,1,43,3,1,4,3,1,0,0,1
646,2,24,4,6,2223,1,4,1,0,3,4,2,52,1,1,3,2,1,0,0,1
647,2,48,2,6,7238,4,4,2,0,3,4 <= ... < 7 yrs,1,32,1,1,3,2,0,0,0,1
648,1,30,2,0,2503,1,4,1,0,3,1 <= ... < 4 yrs,2,41,stores,1,3,2,1,0,0,1
649,1,18,3,0,2622,1,2,1,0,3,4,1,34,3,1,4,2,1,0,0,1
650,1,24,3,7,4351,4,2,4,3,3,4,2,48,3,1,4,1,1,1,0,1
651,1,6,3,6,368,4,4,1,0,3,4,2,38,3,1,4,2,1,0,0,1
652,1,12,3,5,754,4,4,1,0,3,4,2,38,3,1,3,2,1,0,0,1
653,2,24,4,6,2424,4,4,1,0,3,4,2,53,3,1,3,2,1,0,0,1
654,1,48,2,0,6681,4,2,1,0,3,4,3,38,3,2,4,2,0,1,0,1
655,1,18,2,0,2427,4,4,1,0,3,1 <= ... < 4 yrs,2,42,3,1,3,2,1,0,0,1
656,1,24,4,6,1216,1,1,1,0,3,4,3,38,1,1,3,2,0,0,0,0
657,1,6,3,6,753,4,2,3,3,2,4 <= ... < 7 yrs,0,64,3,1,4,2,1,0,0,1
658,1,7,3,6,2576,4,2,3,0,2,1 <= ... < 4 yrs,0,35,3,1,4,2,1,0,1,1
659,1,6,3,6,590,4,1,2,2,3,4 <= ... < 7 yrs,0,26,3,1,4,1,1,0,1,1
660,1,8,3,6,1414,4,2,1,0,2,1 <= ... < 4 yrs,0,33,3,1,4,2,1,0,1,1
661,1,12,3,6,1103,4,3,1,0,2,4 <= ... < 7 yrs,0,29,3,1,3,2,1,0,0,1
662,1,12,2,6,585,4,2,1,2,1,4,0,20,3,0,3,2,1,0,0,1
663,1,6,3,6,1068,4,4,1,0,3,4,1,28,3,1,4,2,0,0,0,1
664,0,8,4,1,713,4,4,1,0,3,4,0,47,3,1,3,1,1,0,0,1
665,1,12,3,6,1092,4,2,1,3,2,4,0,49,3,1,3,2,1,1,0,1
666,1,7,3,6,2329,4,1,4,3,2,1,0,45,3,1,4,2,1,0,0,1
667,1,13,4,6,882,4,1,1,0,2,4,0,23,3,1,3,2,1,0,0,1
668,1,18,3,6,866,4,2,1,2,2,1 <= ... < 4 yrs,0,25,3,1,4,1,1,0,0,1
669,1,7,3,6,2415,4,2,2,0,2,1 <= ... < 4 yrs,0,34,3,1,4,2,1,0,0,1
670,1,13,3,6,2101,4,1,3,3,2,4,2,23,3,1,4,1,1,0,0,1
671,1,18,3,6,1301,4,4,1,2,2,1 <= ... < 4 yrs,0,32,3,1,4,1,1,0,0,1
672,1,18,3,6,1113,4,2,1,3,2,4,0,26,3,1,4,1,0,0,0,1
673,1,8,3,6,760,4,3,1,3,2,1 <= ... < 4 yrs,0,44,3,1,4,1,1,0,0,1
674,1,12,3,6,625,4,1,1,2,2,1,0,26,1,1,4,1,1,0,0,1
675,3,6,4,1,1323,1,4,3,1,3,4,1,28,3,1,3,2,0,1,0,1
676,0,9,4,6,1138,4,2,1,0,3,4,0,25,3,1,3,1,1,0,0,1
677,1,18,4,6,1795,4,4,2,3,2,4,0,48,1,0,3,1,1,1,0,1
678,1,15,4,6,2728,4,3,1,0,2,1 <= ... < 4 yrs,0,35,1,1,2,2,1,1,0,1
679,1,6,3,6,484,4,3,2,2,2,4 <= ... < 7 yrs,0,28,1,1,4,1,1,0,0,1
680,1,10,4,6,1048,4,2,1,0,3,4,0,23,stores,1,4,1,1,0,0,1
681,1,12,3,6,1155,4,4,2,2,2,4 <= ... < 7 yrs,0,40,1,1,3,1,1,0,0,1
682,1,20,2,8,7057,4,3,2,0,3,4,2,36,1,0,3,3,0,1,0,1
683,1,15,4,6,1537,4,4,1,0,2,4,0,50,3,1,3,2,1,1,0,1
684,0,12,3,6,2214,4,2,1,0,3,4 <= ... < 7 yrs,2,24,3,1,4,1,1,0,0,1
685,2,24,4,7,1585,4,3,1,0,3,4 <= ... < 7 yrs,2,40,3,1,3,2,1,0,0,1
686,1,10,3,7,1521,4,2,1,1,3,1 <= ... < 4 yrs,1,31,3,1,4,1,1,0,0,1
687,1,36,4,2,3990,4,1,2,3,3,1 <= ... < 4 yrs,3,29,1,1,4,0,1,0,0,1
688,3,18,3,7,3049,4,1,4,3,3,1,2,45,stores,1,4,1,1,0,0,1
689,0,24,3,6,1282,1,2,1,3,3,1 <= ... < 4 yrs,1,32,3,1,4,1,1,0,0,0
690,2,60,3,6,10144,1,3,3,3,3,4,0,21,3,1,4,2,1,1,0,1
691,0,12,3,1,1168,4,2,1,2,3,4 <= ... < 7 yrs,0,27,3,1,4,1,1,0,0,1
692,1,6,3,4,454,4,1,2,2,3,1,2,22,3,1,4,1,1,0,0,1
693,2,15,2,8,3594,4,1,4,3,3,1 <= ... < 4 yrs,2,46,3,1,3,1,1,0,0,1
694,2,12,3,7,1768,4,2,2,0,3,1 <= ... < 4 yrs,0,24,3,0,4,1,1,0,0,1
695,2,60,2,6,15653,4,3,3,0,3,4,1,21,3,1,3,2,1,1,0,1
696,3,12,2,1,2247,4,2,3,3,3,1 <= ... < 4 yrs,1,36,stores,1,3,2,1,1,0,1
697,2,24,3,6,1413,4,2,1,2,3,1 <= ... < 4 yrs,2,28,3,1,4,2,1,0,0,1
698,1,45,4,8,4576,1,0,2,0,3,4,1,27,3,1,4,2,1,0,0,1
699,0,24,4,6,1231,3,4,1,3,3,4,2,57,3,0,3,3,1,1,0,1
700,0,36,3,8,8335,4,4,2,0,3,4,3,47,3,2,4,2,1,0,0,0
701,1,36,4,8,5800,4,2,2,0,3,4,1,34,3,1,3,2,1,1,0,1
702,0,18,2,3,8471,4,2,4,3,3,1 <= ... < 4 yrs,1,23,3,0,3,2,1,1,0,1
703,0,30,3,7,3622,3,4,1,3,3,4,2,57,3,0,3,2,1,1,0,1
704,0,6,4,6,1169,4,4,1,0,3,4,0,67,3,1,3,2,1,1,0,1
705,2,15,3,2,1262,100 <= ... <  500 DM,3,1,0,3,4 <= ... < 7 yrs,2,36,3,1,3,2,1,1,0,1
706,3,24,4,7,3617,4,4,1,0,1,4,3,20,3,0,3,2,1,0,0,1
707,1,30,4,1,2181,4,4,1,0,3,4,0,36,3,1,3,2,1,0,0,1
708,0,48,4,0,7685,4,3,3,3,2,4,1,37,3,0,4,2,1,0,0,0
709,2,48,4,3,6110,4,2,4,0,3,4 <= ... < 7 yrs,3,31,1,2,4,2,1,1,0,1
710,2,24,3,1,3757,4,4,1,3,1,4,3,62,3,2,4,2,1,1,0,1
711,0,42,4,4,3394,4,0,1,0,1,4,1,65,3,1,3,0,1,0,0,1
712,2,36,4,0,6304,4,4,1,0,3,4,0,36,3,1,3,2,1,0,0,1
713,2,9,4,3,1244,4,4,1,3,3,4,2,41,3,0,3,1,1,0,0,1
714,2,6,3,1,3518,4,2,3,0,2,4 <= ... < 7 yrs,2,26,3,0,4,2,1,0,0,1
715,2,36,1,4,2613,4,2,1,0,3,1 <= ... < 4 yrs,1,27,3,1,3,2,1,0,0,1
716,0,48,3,3,7476,4,3,1,0,3,1,3,50,3,2,4,3,1,1,0,1
717,2,24,3,0,4591,3,2,3,0,3,4 <= ... < 7 yrs,2,54,3,1,2,3,1,1,0,0
718,1,18,3,7,1924,4,1,1,3,3,4 <= ... < 7 yrs,0,27,3,0,4,2,1,0,0,0
719,1,72,3,6,5595,1,2,3,2,3,1 <= ... < 4 yrs,1,24,3,1,4,2,1,0,0,0
720,1,48,2,3,6224,4,4,1,0,3,4,3,50,3,2,4,2,1,0,0,0
721,3,15,3,3,1905,4,4,1,0,3,4,1,40,3,0,4,3,1,1,0,1
722,2,21,2,8,2993,4,2,2,0,3,1 <= ... < 4 yrs,0,28,stores,1,3,1,1,0,0,1
723,2,36,2,8,8947,4,3,2,0,3,1 <= ... < 4 yrs,1,31,stores,1,4,3,0,1,0,1
724,0,24,3,7,4020,4,2,3,0,3,1 <= ... < 4 yrs,1,27,stores,1,4,2,1,0,0,1
725,1,18,3,8,2779,4,2,4,2,3,4 <= ... < 7 yrs,1,21,3,0,4,2,1,1,0,1
726,2,21,3,1,2782,100 <= ... <  500 DM,3,4,3,3,1 <= ... < 4 yrs,1,31,1,1,4,3,1,0,0,1
727,2,12,3,1,1884,4,4,1,0,3,4,1,39,3,1,4,3,1,1,0,1
728,2,36,4,8,11054,4,2,1,0,3,1 <= ... < 4 yrs,1,30,3,1,4,3,1,1,0,1
729,1,60,2,6,9157,4,2,3,0,3,1 <= ... < 4 yrs,3,27,3,2,4,3,1,0,0,1
730,1,42,4,8,9283,4,0,4,0,3,1 <= ... < 4 yrs,3,55,1,2,4,3,1,1,0,1
731,2,60,3,1,6527,4,2,1,0,3,4,3,34,3,2,4,2,0,1,0,1
732,2,15,4,8,3368,3,4,2,0,3,4,3,23,3,0,3,2,1,1,0,1
733,0,15,3,1,2511,4,0,4,3,3,4,1,23,3,0,4,2,1,0,0,1
734,0,36,3,8,5493,4,4,3,0,3,4,3,42,3,2,4,2,0,0,0,1
735,2,6,3,2,1338,100 <= ... <  500 DM,2,4,1,3,4,0,62,3,1,4,2,1,0,0,1
736,1,9,3,6,1082,4,4,1,0,3,4,1,37,3,1,3,1,1,0,0,1
737,2,18,4,6,1149,3,2,1,0,3,4 <= ... < 7 yrs,0,46,3,1,3,2,1,0,0,1
738,1,15,3,4,1308,4,4,1,0,3,4,1,38,3,1,3,1,1,0,0,1
739,1,20,1,8,6148,1,4,2,2,3,4,1,31,1,1,3,2,1,1,0,1
740,2,12,3,7,1736,4,3,2,3,3,4,0,31,3,1,4,1,1,0,0,1
741,2,12,3,6,3059,3,3,3,1,3,4,0,61,3,1,4,1,1,0,0,1
742,0,24,3,7,2996,4,2,3,2,3,4,1,20,3,1,4,2,1,0,0,0
743,2,30,4,8,7596,4,4,4,0,3,4,1,63,3,1,3,2,1,0,0,1
744,2,30,3,8,4811,4,3,3,3,3,4,2,24,stores,0,4,1,1,0,0,1
745,2,6,3,7,1766,4,2,4,2,3,1 <= ... < 4 yrs,2,21,3,0,4,2,1,0,0,1
746,1,24,3,8,2760,4,4,1,0,3,4,3,36,1,2,4,2,1,1,0,1
747,2,24,4,4,5507,4,4,2,0,3,4,3,44,3,2,3,2,1,0,0,1
748,1,9,3,3,1199,4,3,1,3,3,4,2,67,3,1,3,3,1,1,0,1
749,3,24,3,7,2892,4,4,2,1,3,4,3,51,3,2,4,2,1,0,0,1
750,1,36,2,1,2862,1,4,1,0,3,4 <= ... < 7 yrs,3,30,3,2,4,2,1,0,0,1
751,0,9,3,1,654,4,2,1,0,3,4 <= ... < 7 yrs,1,28,3,1,4,1,1,0,0,0
752,1,9,4,3,1136,3,4,1,0,3,4 <= ... < 7 yrs,3,32,3,2,3,2,0,0,0,0
753,1,24,3,8,4113,100 <= ... <  500 DM,1,2,3,3,4,1,28,3,0,4,2,1,0,0,0
754,1,6,3,1,14555,4,0,4,0,3,1 <= ... < 4 yrs,2,23,3,1,4,0,1,1,0,0
755,0,15,1,1,950,4,4,1,0,3,4 <= ... < 7 yrs,1,33,3,0,3,2,0,0,0,0
756,0,24,4,1,1199,4,4,1,0,3,4,1,60,3,1,3,1,1,0,0,0
757,0,12,1,1,1082,4,2,1,0,3,4,1,48,1,1,3,2,1,0,0,0
758,1,30,3,1,2150,4,2,1,3,2,1 <= ... < 4 yrs,3,24,1,1,4,2,1,0,0,0
759,1,36,4,1,2820,4,1,1,1,3,4,1,27,3,1,3,2,1,0,0,0
760,1,48,3,6,3060,4,3,1,0,3,4,0,28,3,1,3,2,1,0,0,0
761,0,18,3,6,2600,4,2,1,0,3,4,3,65,3,2,3,2,1,0,0,0
762,2,21,1,1,5003,4,2,4,3,3,4,2,29,1,1,3,2,1,1,0,0
763,1,60,3,3,6288,4,2,1,0,3,4,3,42,3,2,4,2,1,0,0,0
764,2,24,2,1,2538,4,4,1,0,3,4,1,47,3,1,3,1,0,0,0,0
765,2,9,3,6,1478,4,3,1,0,3,1 <= ... < 4 yrs,1,22,3,1,4,2,1,0,0,0
766,1,39,4,6,4933,4,3,3,0,2,1 <= ... < 4 yrs,0,25,3,1,3,2,1,0,0,0
767,2,18,4,1,1530,4,2,2,0,3,1 <= ... < 4 yrs,2,32,1,1,3,2,1,0,0,0
768,1,9,4,1,1437,1,3,3,0,3,4 <= ... < 7 yrs,3,29,3,1,4,2,1,0,0,0
769,0,15,3,2,1275,4,2,1,3,3,1 <= ... < 4 yrs,1,24,3,0,4,2,1,0,0,0
770,0,24,3,6,1823,4,0,1,0,3,1 <= ... < 4 yrs,1,30,stores,1,4,3,0,0,0,0
771,0,9,3,1,1422,4,1,2,0,3,1 <= ... < 4 yrs,3,27,3,2,4,3,1,1,0,0
772,0,18,3,2,1217,4,2,1,2,3,4 <= ... < 7 yrs,0,47,3,1,4,1,1,1,0,0
773,0,36,3,1,9271,4,3,3,0,3,1,1,24,3,1,4,2,1,1,0,0
774,0,36,2,0,2145,4,3,3,0,3,1,1,24,3,1,3,2,1,1,0,0
775,0,36,3,1,1842,4,1,1,3,3,4,1,34,3,1,4,2,1,1,0,0
776,1,18,2,7,4297,4,4,1,1,3,4 <= ... < 7 yrs,3,40,3,1,4,3,1,1,0,0
777,0,6,4,7,3384,4,2,4,1,3,4,0,44,3,0,4,3,1,1,0,0
778,1,18,4,6,1245,4,2,1,2,3,1 <= ... < 4 yrs,1,33,3,1,4,2,1,0,0,0
779,2,15,3,3,4623,1,2,2,0,3,1 <= ... < 4 yrs,2,40,3,1,4,3,1,1,0,0
780,1,30,4,7,8386,4,3,3,0,3,1 <= ... < 4 yrs,2,49,3,1,4,2,1,0,0,0
781,0,24,2,6,1024,4,1,1,2,3,4,0,48,stores,1,4,2,1,0,0,0
782,1,36,3,1,14318,4,4,1,0,3,1 <= ... < 4 yrs,3,57,3,2,4,3,1,1,0,0
783,1,6,4,3,433,3,1,1,3,3,1 <= ... < 4 yrs,2,24,1,0,4,2,0,0,0,0
784,0,12,4,6,2149,4,2,1,1,3,1,3,29,3,2,4,2,1,0,0,0
785,2,24,3,6,2397,100 <= ... <  500 DM,4,2,0,3,1 <= ... < 4 yrs,1,35,1,1,3,2,1,1,0,0
786,1,6,4,1,931,1,1,4,3,3,1,2,32,stores,1,4,1,1,0,0,0
787,1,15,2,4,1512,3,2,2,2,3,4 <= ... < 7 yrs,2,61,stores,1,3,2,1,0,0,0
788,1,24,1,0,4241,4,2,4,0,3,4,0,36,3,1,2,1,1,1,0,0
789,1,24,4,7,4736,4,1,3,3,3,4,1,25,1,1,4,1,1,0,0,0
790,1,15,1,1,1778,4,1,3,3,3,1,0,26,3,0,3,0,1,0,0,0
791,3,15,3,6,2327,4,1,3,3,3,4 <= ... < 7 yrs,0,25,3,1,4,1,1,0,0,0
792,0,24,4,7,6872,4,1,3,1,3,1,2,55,1,1,4,2,1,1,0,0
793,0,12,3,3,795,4,1,1,3,3,4,2,53,3,1,4,2,1,0,0,0
794,3,30,2,0,1908,4,4,1,0,3,4,0,66,3,1,4,3,1,1,0,0
795,1,36,1,0,1953,4,4,1,0,3,4,3,61,3,2,4,3,1,1,0,0
796,3,18,3,7,2864,4,2,3,0,3,1,0,34,3,1,4,1,0,0,0,0
797,3,21,4,3,2319,4,1,3,1,3,1,1,33,3,0,4,2,1,0,0,0
798,0,24,3,1,915,4,4,1,3,3,1 <= ... < 4 yrs,1,29,1,1,4,2,1,0,0,0
799,3,24,3,1,947,4,3,1,0,3,4 <= ... < 7 yrs,3,38,1,2,4,2,0,0,0,0
800,0,24,3,1,1381,4,2,1,3,3,1 <= ... < 4 yrs,2,35,3,1,4,2,1,0,0,0
801,0,24,3,1,1285,4,3,1,3,3,4,3,32,3,0,4,2,1,0,0,0
802,0,24,3,1,1371,4,2,1,3,3,4,0,25,3,0,4,2,1,0,0,0
803,1,18,3,1,1042,4,2,1,3,3,1 <= ... < 4 yrs,2,33,3,1,4,2,1,0,0,0
804,0,12,3,1,900,4,2,1,2,3,1 <= ... < 4 yrs,1,23,3,1,4,2,1,0,0,0
805,0,24,3,1,1207,4,1,1,3,3,4,2,24,3,0,4,2,1,0,0,0
806,1,18,1,1,2278,1,1,2,3,3,4 <= ... < 7 yrs,1,28,3,1,3,2,1,0,0,0
807,0,60,2,0,6836,4,4,2,0,3,4,3,63,3,1,3,2,1,1,0,0
808,0,24,3,7,3345,4,4,1,0,3,1 <= ... < 4 yrs,2,39,3,0,4,3,1,1,0,0
809,0,6,4,3,1198,4,4,1,3,3,4,3,35,3,2,4,2,1,0,0,0
810,1,48,3,0,15672,4,2,3,0,3,1 <= ... < 4 yrs,1,23,3,1,4,2,1,1,0,0
811,0,60,3,0,7297,4,4,1,0,1,4,3,36,3,0,4,2,1,0,0,0
812,2,18,3,4,1943,4,1,1,3,3,4,0,23,3,1,4,2,1,0,0,0
813,0,18,3,6,3190,4,2,3,3,3,1 <= ... < 4 yrs,0,24,3,1,4,2,1,0,0,0
814,1,9,4,8,5129,4,4,3,3,3,4,3,74,1,2,4,3,0,1,0,0
815,2,18,2,7,1808,4,3,1,3,3,1,0,22,3,1,4,2,1,0,0,0
816,3,10,3,1,1240,1,4,4,3,3,4,3,48,3,2,4,1,0,0,0,0
817,0,12,3,1,759,4,3,1,0,3,1 <= ... < 4 yrs,0,26,3,1,4,2,1,0,0,0
818,1,8,3,7,1237,4,2,2,3,3,4,0,24,3,1,4,2,1,0,0,0
819,2,9,3,7,1980,4,1,3,3,1,1 <= ... < 4 yrs,1,19,3,0,3,2,1,0,0,0
820,1,48,3,6,10961,3,3,4,0,1,1 <= ... < 4 yrs,3,27,1,1,3,2,1,1,0,0
821,0,36,2,3,6887,4,2,1,0,3,4 <= ... < 7 yrs,2,29,stores,1,4,2,1,1,0,0
822,0,24,3,6,1938,4,1,1,1,3,4 <= ... < 7 yrs,2,32,3,1,4,2,1,0,0,0
823,0,21,3,6,1835,4,2,2,3,3,1 <= ... < 4 yrs,0,25,3,1,3,2,1,1,0,0
824,0,24,2,6,1659,4,1,1,3,3,1 <= ... < 4 yrs,1,29,3,0,4,1,1,1,0,0
825,1,6,2,1,1209,4,0,1,0,3,4,2,47,3,1,4,3,1,1,0,0
826,1,48,1,0,3844,1,3,1,0,3,4,3,34,3,2,4,1,0,0,0,0
827,0,12,4,1,4843,4,4,2,0,1,4,2,43,3,0,3,2,1,1,0,0
828,1,12,3,4,639,4,2,1,0,3,1 <= ... < 4 yrs,1,30,3,1,4,2,1,0,0,0
829,1,48,3,6,5951,4,2,3,3,3,1 <= ... < 4 yrs,0,22,3,1,4,2,1,0,0,0
830,1,36,1,6,3804,4,2,1,3,3,1,1,42,3,1,4,2,1,1,0,0
831,2,36,2,6,4463,4,2,1,0,3,1 <= ... < 4 yrs,1,26,3,1,3,3,1,1,0,0
832,2,36,2,0,7980,4,1,1,0,3,4,1,27,3,0,3,2,1,1,0,0
833,3,36,3,6,4210,4,2,1,0,3,1 <= ... < 4 yrs,1,26,3,1,4,2,1,0,0,0
834,2,6,3,7,4611,4,1,4,3,3,4,2,32,3,1,4,2,1,0,0,0
835,1,24,3,8,11560,4,2,4,3,3,4,1,23,3,0,3,3,1,0,0,0
836,2,18,1,0,4165,4,2,3,0,3,1 <= ... < 4 yrs,1,36,stores,1,3,2,0,0,0,0
837,1,24,3,7,4057,4,3,2,1,3,4 <= ... < 7 yrs,1,43,3,1,4,2,1,1,0,0
838,2,18,4,1,6458,4,4,3,0,3,4,3,39,1,1,3,3,0,1,0,0
839,2,12,3,1,1386,100 <= ... <  500 DM,2,3,3,3,1 <= ... < 4 yrs,2,26,3,1,4,2,1,0,0,0
840,0,36,3,3,1977,4,4,1,0,3,4,3,40,3,1,4,3,1,1,0,0
841,1,18,4,7,1928,4,1,3,0,3,1 <= ... < 4 yrs,0,31,3,1,3,1,1,0,0,0
842,2,12,3,7,1123,100 <= ... <  500 DM,2,1,3,3,4,1,29,3,0,4,1,1,0,0,0
843,1,24,3,9,11328,4,2,3,0,1,4 <= ... < 7 yrs,1,29,1,1,3,3,1,1,0,0
844,1,24,4,9,11938,4,2,3,0,1,4 <= ... < 7 yrs,1,39,3,1,3,3,0,1,0,0
845,1,27,4,6,2520,100 <= ... <  500 DM,2,1,0,3,1 <= ... < 4 yrs,2,23,3,1,3,1,1,0,0,0
846,1,30,2,6,1919,1,1,1,0,3,4 <= ... < 7 yrs,3,30,stores,1,3,3,1,0,0,0
847,1,60,4,9,14782,1,4,2,3,3,4,3,60,1,2,3,3,1,1,0,0
848,1,36,3,6,2671,1,2,1,3,1,4,3,50,3,2,4,2,1,0,0,0
849,1,36,3,3,12612,1,2,4,0,3,4,3,47,3,2,4,2,0,1,0,0
850,1,45,3,6,3031,1,2,1,0,2,4,2,21,3,0,4,2,1,0,0,0
851,0,12,4,6,626,4,2,1,3,3,4,0,24,1,1,4,1,1,0,0,0
852,1,24,4,0,1935,4,4,1,1,3,4,0,31,3,1,3,2,1,1,0,0
853,3,24,4,1,1344,4,3,1,0,3,1 <= ... < 4 yrs,0,37,1,1,3,1,0,0,0,0
854,2,18,3,7,1533,4,1,1,2,1,1,2,43,3,1,4,1,0,0,0,0
855,0,48,3,1,3931,4,3,1,0,3,4,3,46,3,2,4,2,0,0,0,0
856,0,24,4,7,3349,100 <= ... <  500 DM,1,1,0,3,4,3,30,3,2,4,2,0,1,0,0
857,0,36,3,6,2302,4,2,1,1,3,4,1,31,3,0,4,2,1,0,0,0
858,0,42,3,6,3965,4,1,1,0,3,4 <= ... < 7 yrs,1,34,3,1,4,2,1,0,0,0
859,0,12,3,6,727,1,1,1,2,3,4 <= ... < 7 yrs,3,33,3,1,4,1,1,1,0,0
860,2,48,3,0,3914,4,2,1,1,3,1 <= ... < 4 yrs,0,38,1,1,4,2,1,0,0,0
861,0,48,3,0,4308,4,1,2,3,3,4,2,24,3,0,4,2,1,0,0,0
862,1,12,3,6,1534,4,1,4,2,3,1,0,23,3,0,4,2,1,0,0,0
863,2,18,4,1,2775,4,3,3,0,3,1 <= ... < 4 yrs,2,31,1,1,3,2,1,0,0,0
864,0,40,4,3,5998,4,2,1,0,3,4 <= ... < 7 yrs,3,27,1,1,4,2,1,1,0,0
865,3,15,4,6,1271,4,2,2,0,3,4,3,39,3,2,3,2,1,1,0,0
866,1,12,3,1,1295,4,1,2,3,3,1,1,25,3,0,4,2,1,0,0,0
867,1,36,3,8,9398,4,1,4,2,3,4,1,28,3,0,4,3,1,1,0,0
868,1,12,3,7,951,1,1,1,3,3,4,1,27,1,0,1,2,1,0,0,0
869,1,24,3,1,1355,4,1,2,3,3,4,1,25,3,1,4,1,1,1,0,0
870,0,48,3,2,3051,4,2,2,0,3,4,1,54,3,1,4,2,1,0,0,0
871,2,36,4,1,7855,4,2,1,3,3,1 <= ... < 4 yrs,0,25,stores,1,3,2,1,1,0,0
872,2,18,3,6,433,4,0,2,3,1,4,0,22,3,0,4,2,1,0,0,0
873,2,36,2,0,9572,4,1,4,1,3,1,1,28,3,1,3,2,1,0,0,0
874,1,24,4,3,1837,4,3,1,3,3,4,3,34,1,2,4,1,1,0,0,0
875,1,30,4,1,4249,4,0,1,2,3,1 <= ... < 4 yrs,1,28,3,1,3,3,1,0,0,0
876,1,30,4,1,5234,4,0,1,2,3,1 <= ... < 4 yrs,1,28,3,1,3,3,1,0,0,0
877,0,48,3,6,6758,4,2,2,3,3,1 <= ... < 4 yrs,1,31,3,1,4,2,1,1,0,0
878,0,9,3,6,1366,4,1,2,3,3,4,2,22,3,0,4,2,1,0,0,0
879,0,24,4,9,1358,4,4,1,0,3,4 <= ... < 7 yrs,1,40,stores,1,4,3,1,1,0,0
880,0,18,3,7,2473,4,0,1,0,3,1,1,25,3,1,4,0,1,0,0,0
881,3,9,1,6,1337,4,1,1,0,3,1 <= ... < 4 yrs,1,34,3,1,3,3,1,1,0,0
882,0,48,3,1,7763,4,4,1,0,3,4,3,42,1,2,4,3,1,0,0,0
883,1,15,4,1,1264,1,2,3,2,3,1 <= ... < 4 yrs,2,25,3,0,4,2,1,0,0,0
884,1,15,3,1,2631,1,2,3,3,3,4,1,28,3,0,3,2,1,1,0,0
885,1,48,3,1,6560,1,3,2,0,3,1 <= ... < 4 yrs,2,24,3,1,4,2,1,0,0,0
886,0,24,3,1,3123,4,1,1,3,3,1,2,27,3,1,4,2,1,0,0,0
887,0,36,4,3,8065,4,2,2,3,3,1 <= ... < 4 yrs,3,25,3,1,3,3,1,1,0,0
888,0,24,3,6,2439,4,1,1,3,3,4,0,35,3,1,4,2,1,1,0,0
889,1,36,3,7,9034,1,1,1,0,1,1,3,29,3,0,4,3,1,1,0,0
890,1,60,3,1,14027,4,3,1,0,3,1 <= ... < 4 yrs,3,27,3,1,4,3,1,1,0,0
891,0,36,4,8,9629,4,3,1,0,3,4,1,24,3,1,3,2,1,1,0,0
892,1,12,3,6,1484,4,2,3,2,3,1,0,25,3,1,4,2,1,1,0,0
893,0,18,3,7,1131,4,0,1,3,3,1 <= ... < 4 yrs,1,33,3,1,4,2,1,0,0,0
894,1,24,2,7,2064,4,0,2,3,3,1 <= ... < 4 yrs,2,34,3,1,4,3,1,1,0,0
895,1,18,3,8,12976,4,0,2,3,3,4,3,38,3,2,4,3,1,1,0,0
896,2,21,2,0,2580,100 <= ... <  500 DM,1,1,0,3,1 <= ... < 4 yrs,0,41,1,1,4,1,0,0,0,0
897,2,27,3,1,2570,4,2,2,3,3,4 <= ... < 7 yrs,0,21,3,0,4,2,1,0,0,0
898,1,27,3,0,3915,4,2,1,0,3,1 <= ... < 4 yrs,1,36,3,1,4,2,0,1,0,0
899,2,10,3,1,1309,4,2,1,0,2,4,2,27,3,1,4,1,1,0,0,0
900,0,24,3,1,4817,4,3,3,0,1,4 <= ... < 7 yrs,2,31,3,1,4,2,1,1,0,0
901,0,12,3,1,2579,4,1,1,0,3,1,0,33,3,1,4,1,0,0,0,0
902,1,36,2,1,2225,4,4,1,0,3,4,3,57,1,2,3,2,1,1,0,0
903,0,18,3,7,4153,4,2,3,0,1,4 <= ... < 7 yrs,1,42,3,1,4,2,1,0,0,0
904,0,18,1,7,3114,4,1,4,3,3,4,2,26,3,0,4,2,1,0,0,0
905,0,18,4,7,2124,4,2,1,3,3,4,0,24,3,0,3,2,1,0,0,0
906,0,18,4,7,1553,4,2,1,0,3,4 <= ... < 7 yrs,1,44,1,1,4,2,1,0,0,0
907,0,30,3,7,2406,4,3,1,3,3,4,0,23,3,0,4,2,1,0,0,0
908,0,24,2,1,1333,4,0,1,0,3,1 <= ... < 4 yrs,0,43,3,2,3,2,0,0,0,0
909,0,48,1,7,7119,4,2,2,0,3,4,3,53,3,2,3,2,0,0,0,0
910,0,24,2,1,4870,4,2,2,0,3,4,3,53,3,2,3,2,0,0,0,0
911,0,12,4,1,691,4,4,1,0,3,4 <= ... < 7 yrs,2,35,3,1,3,2,1,0,0,0
912,0,42,2,6,4370,4,3,2,0,3,1 <= ... < 4 yrs,2,26,1,1,3,2,0,1,0,0
913,0,36,4,7,2746,4,4,1,0,3,4,1,31,1,1,4,2,1,0,0,0
914,0,24,1,7,4110,4,4,2,0,3,4,3,23,1,0,3,2,0,0,0,0
915,0,18,3,7,2462,4,2,3,0,3,1 <= ... < 4 yrs,1,22,3,1,4,2,1,0,0,0
916,0,12,3,7,1282,4,2,3,3,3,4,1,20,3,0,4,2,1,0,0,0
917,1,12,1,7,2969,4,1,1,3,3,4 <= ... < 7 yrs,2,25,3,0,3,2,1,0,0,0
918,0,48,1,8,4605,4,4,2,0,3,4,3,24,3,2,3,2,0,0,0,0
919,0,48,4,8,6331,4,4,1,0,3,4,3,46,3,2,3,2,1,1,0,0
920,0,24,4,7,3552,4,3,2,0,3,4,1,27,1,1,4,2,1,0,0,0
921,0,12,4,1,697,4,1,1,0,3,1 <= ... < 4 yrs,1,46,1,1,3,2,1,1,0,0
922,0,24,3,1,1442,4,3,1,3,3,4,1,23,3,0,3,2,1,0,0,0
923,0,27,1,0,5293,4,0,3,0,3,4,2,50,3,1,3,2,1,1,0,0
924,0,21,2,3,3414,4,1,3,0,3,1,2,26,stores,1,3,2,1,0,0,0
925,0,18,3,7,2039,4,2,4,3,3,4,0,20,3,0,4,2,1,0,0,0
926,0,24,4,0,3161,4,2,1,0,3,1 <= ... < 4 yrs,2,31,1,0,4,2,1,1,0,0
927,0,12,3,5,902,4,3,1,2,3,4,2,21,3,0,4,2,1,0,0,0
928,0,48,3,8,10297,4,3,1,0,3,4,3,39,3,2,2,2,0,1,0,0
929,1,48,1,0,14421,4,2,3,0,3,1 <= ... < 4 yrs,1,25,stores,1,4,2,1,1,0,0
930,1,18,4,1,1056,4,4,2,0,2,4 <= ... < 7 yrs,0,30,3,1,3,2,1,0,0,0
931,0,12,3,1,1274,4,1,2,3,3,1,0,37,1,1,4,1,1,0,0,0
932,1,12,3,1,1223,4,4,4,1,3,1,0,46,3,0,3,2,1,0,0,0
933,0,12,3,1,1372,4,3,3,1,3,4 <= ... < 7 yrs,1,36,3,1,4,2,1,0,0,0
934,0,16,4,1,2625,4,4,3,0,2,4,2,43,3,0,4,2,1,1,1,0
935,0,20,4,1,2235,4,2,1,2,2,1 <= ... < 4 yrs,2,33,1,0,3,2,1,0,1,0
936,1,9,3,7,959,4,2,4,3,3,1 <= ... < 4 yrs,1,29,1,1,4,2,1,0,0,0
937,1,18,4,1,884,4,4,1,0,3,4,1,36,3,1,4,2,0,1,0,0
938,1,24,3,1,1246,4,1,1,0,3,1 <= ... < 4 yrs,0,23,1,1,4,1,1,0,0,0
939,1,36,2,1,8086,1,4,3,0,3,4,1,42,stores,1,1,3,1,1,0,0
940,2,48,4,1,10127,100 <= ... <  500 DM,2,3,0,3,1 <= ... < 4 yrs,3,44,3,2,4,2,1,0,0,0
941,1,12,3,1,888,4,4,1,0,3,4,1,41,1,1,4,1,0,0,0,0
942,2,12,3,3,719,4,4,1,0,3,4,1,41,1,1,4,1,0,0,0,0
943,1,36,3,1,12389,4,2,4,0,3,4,3,37,1,2,4,2,1,1,0,0
944,0,12,3,6,709,4,4,1,0,3,4,0,57,3,1,4,1,1,0,0,0
945,1,15,4,1,6850,1,0,4,0,3,1 <= ... < 4 yrs,2,34,stores,1,4,3,0,1,0,0
946,2,10,3,7,2210,4,2,3,0,3,1 <= ... < 4 yrs,0,25,3,0,4,1,1,0,0,0
947,2,30,4,8,7485,4,0,1,3,3,1,0,53,1,1,4,3,1,1,0,0
948,0,18,4,1,1442,4,3,1,0,3,4,3,32,1,2,3,1,0,0,0,0
949,2,12,4,6,797,4,4,1,3,3,4 <= ... < 7 yrs,2,33,3,1,4,1,0,0,0,0
950,1,45,4,6,4746,4,1,1,0,3,1 <= ... < 4 yrs,2,24,1,1,3,1,1,0,0,0
951,3,12,4,1,939,100 <= ... <  500 DM,3,1,2,3,1 <= ... < 4 yrs,0,28,3,1,2,2,1,1,0,0
952,1,21,3,0,1188,4,4,3,3,3,4,2,39,3,1,4,2,0,0,0,0
953,2,48,4,8,11590,1,2,3,3,3,4,1,24,3,0,3,1,1,0,0,0
954,3,12,4,0,609,4,1,1,3,3,1,0,26,1,1,4,0,1,0,0,0
955,0,18,4,4,1190,4,0,3,3,3,4,3,55,3,2,2,0,0,0,0,0
956,1,21,3,0,2767,1,4,1,1,3,1 <= ... < 4 yrs,1,61,3,0,3,1,1,0,0,0
957,1,30,3,7,3441,1,2,3,3,1,4,1,21,1,0,4,2,1,0,0,0
958,1,30,1,0,4280,1,2,1,3,3,4,1,26,3,0,3,1,1,0,0,0
959,1,24,3,6,3092,1,1,2,2,3,1 <= ... < 4 yrs,1,22,3,0,4,2,1,1,0,0
960,2,18,3,1,6761,4,2,3,0,3,4,1,68,stores,0,3,2,1,0,0,0
961,1,12,3,6,1331,4,1,3,0,3,1,1,22,3,1,4,2,1,0,0,0
962,1,54,1,0,15945,4,1,2,0,3,4,3,58,3,0,4,2,1,1,0,0
963,0,24,3,7,3234,4,1,1,3,3,4,0,23,3,0,4,1,1,1,0,0
964,1,15,3,6,802,4,4,1,0,3,4 <= ... < 7 yrs,1,37,3,1,4,2,0,0,0,0
965,1,48,3,7,9960,4,1,4,3,3,1 <= ... < 4 yrs,1,26,1,1,4,2,1,1,0,0
966,2,24,2,0,8648,4,1,3,0,3,1 <= ... < 4 yrs,1,27,1,1,3,2,1,1,0,0
967,0,18,3,6,1345,4,2,1,2,3,4 <= ... < 7 yrs,0,26,3,1,4,2,1,0,0,0
968,0,45,3,6,1845,4,2,1,0,3,4,3,23,3,2,4,2,1,1,0,0
969,0,21,4,1,1647,4,2,1,0,3,1 <= ... < 4 yrs,2,40,1,1,3,1,0,0,0,0
970,2,48,3,0,4844,4,0,2,0,3,1 <= ... < 4 yrs,1,33,3,0,4,3,1,1,0,0
971,1,27,1,0,8318,4,4,3,3,3,4,3,42,stores,2,3,3,1,1,0,0
972,3,18,3,6,2100,4,2,1,0,1,1 <= ... < 4 yrs,0,37,3,1,4,2,1,0,0,0
973,0,45,1,0,11816,4,4,3,0,3,4,1,29,3,0,3,2,1,0,0,0
974,0,6,3,3,448,4,1,1,3,3,4,2,23,3,1,4,2,1,0,0,0
975,0,30,3,4,11998,4,1,4,1,3,1,3,34,1,1,4,1,1,1,0,0
976,1,48,1,9,18424,4,2,4,3,3,1 <= ... < 4 yrs,2,32,1,1,4,3,1,1,1,0
977,0,6,3,1,14896,4,4,4,0,3,4,3,68,1,1,4,3,1,1,0,0
978,1,12,3,7,2762,4,4,4,3,3,1 <= ... < 4 yrs,2,25,3,1,4,2,1,1,0,0
979,0,12,3,8,3386,4,4,2,0,3,4,3,35,3,2,4,2,1,1,0,0
980,1,24,3,6,2039,4,1,4,2,3,1,2,22,3,1,4,2,1,1,0,0
981,2,18,2,0,2169,4,2,1,2,3,1 <= ... < 4 yrs,1,28,3,1,4,2,1,1,0,0
982,1,48,4,7,5096,4,2,3,3,3,4 <= ... < 7 yrs,1,30,3,1,4,3,1,1,0,0
983,0,18,3,6,1882,4,2,1,3,3,4,1,25,1,0,3,2,1,0,0,0
984,0,48,3,6,6999,4,3,4,2,2,1,0,34,3,1,3,2,1,1,0,0
985,2,12,4,0,2292,4,0,1,0,3,1 <= ... < 4 yrs,1,42,stores,1,3,3,1,1,0,0
986,0,14,3,1,8978,4,4,4,1,3,4,2,45,3,1,4,3,1,1,1,0
987,0,12,3,6,674,1,3,1,2,3,1,2,20,3,1,4,2,1,0,0,0
988,0,18,3,1,976,4,1,4,3,3,1 <= ... < 4 yrs,1,23,3,1,4,1,1,0,0,0
989,1,24,3,1,2718,4,2,2,3,3,4,2,20,3,0,4,1,1,1,0,0
990,0,18,3,3,750,4,0,1,3,3,1,0,27,3,1,4,0,1,0,0,0
991,1,24,3,8,12579,4,4,1,3,3,1 <= ... < 4 yrs,3,44,3,2,4,3,1,1,0,0
992,0,18,3,8,7511,4,4,4,0,3,4,2,51,3,2,4,2,0,1,0,0
993,0,18,4,1,3966,4,4,4,3,3,4,0,33,1,0,2,2,1,1,0,0
994,0,12,1,6,6199,4,2,1,0,3,1 <= ... < 4 yrs,2,28,3,0,3,2,1,1,0,0
995,0,24,3,6,1987,4,2,3,0,3,4,0,21,3,0,4,1,0,0,0,0
996,0,24,3,1,2303,4,4,1,0,1,1,0,45,3,1,4,2,1,0,0,0
997,2,21,4,1,12680,4,4,1,0,3,4,3,30,3,2,4,3,1,1,0,0
998,1,12,3,6,6468,4,0,3,0,3,1,3,52,3,1,4,3,1,1,0,0
999,0,30,3,7,6350,4,4,1,0,3,4,2,31,3,1,4,2,1,0,0,0
